{"at":"2026-09-16T16:57:25Z","path":"The Twilight Saga - Breaking Dawn 1 (purchased).mp4","tmdb_id":null,"confidence":0,"reason":"no TMDB candidates"}
{"at":"2026-09-16T16:57:26Z","path":"The Twilight Saga - Breaking Dawn 2 (purchased).mp4","tmdb_id":null,"confidence":0,"reason":"no TMDB candidates"}
{"at":"2026-09-16T16:57:27Z","path":"The Twilight Saga - Eclipse (purchased).mp4","tmdb_id":null,"confidence":0,"reason":"no TMDB candidates"}
{"at":"2026-09-16T16:57:27Z","path":"The Twilight Saga - New Moon (purchased).mp4","tmdb_id":null,"confidence":0,"reason":"no TMDB candidates"}
{"at":"2026-09-16T16:57:28Z","path":"The Twilight Saga - Twilight (purchased).mp4","tmdb_id":null,"confidence":0,"reason":"no TMDB candidates"}
{"at":"2026-09-16T16:57:31Z","path":"Star Wars Ep III - Revenge of the Sith.mkv","tmdb_id":null,"confidence":0,"reason":"no TMDB candidates"}
{"at":"2026-09-16T16:57:31Z","path":"Star Wars Ep I - The Phantom Menace.m4v","tmdb_id":null,"confidence":0,"reason":"no TMDB candidates"}
{"at":"2026-09-16T16:57:32Z","path":"Star Wars Ep IV - A New Hope.mkv","tmdb_id":null,"confidence":0,"reason":"no TMDB candidates"}
{"at":"2026-09-16T16:57:32Z","path":"Star Wars Ep V - The Empire Strikes Back.mkv","tmdb_id":null,"confidence":0,"reason":"no TMDB candidates"}
{"at":"2026-09-16T16:57:33Z","path":"Star Wars Ep VI - Return of the Jedi.mkv","tmdb_id":null,"confidence":0,"reason":"no TMDB candidates"}
{"at":"2026-09-16T16:57:33Z","path":"Star Wars Ep VI - Return of the Jedi (original).mp4","tmdb_id":null,"confidence":0,"reason":"no TMDB candidates"}
{"at":"2026-09-16T16:57:34Z","path":"Star Wars Ep VII - The Force Awakens.mkv","tmdb_id":null,"confidence":0,"reason":"no TMDB candidates"}
{"at":"2026-09-16T16:57:34Z","path":"Star Wars Ep VIII - The Rise of Skywalker.m4v","tmdb_id":null,"confidence":0,"reason":"no TMDB candidates"}
{"at":"2026-09-16T16:57:56Z","path":"The Twilight Saga - Breaking Dawn 1 (purchased).mp4","tmdb_id":null,"confidence":0,"reason":"no TMDB candidates"}
{"at":"2026-09-16T16:57:57Z","path":"The Twilight Saga - Breaking Dawn 2 (purchased).mp4","tmdb_id":null,"confidence":0,"reason":"no TMDB candidates"}
{"at":"2026-09-16T16:57:57Z","path":"The Twilight Saga - Eclipse (purchased).mp4","tmdb_id":null,"confidence":0,"reason":"no TMDB candidates"}
{"at":"2026-09-16T16:57:58Z","path":"The Twilight Saga - New Moon (purchased).mp4","tmdb_id":null,"confidence":0,"reason":"no TMDB candidates"}
{"at":"2026-09-16T16:57:58Z","path":"The Twilight Saga - Twilight (purchased).mp4","tmdb_id":null,"confidence":0,"reason":"no TMDB candidates"}
{"at":"2026-09-16T16:57:59Z","path":"Star Wars Ep III - Revenge of the Sith.mkv","tmdb_id":null,"confidence":0,"reason":"no TMDB candidates"}
{"at":"2026-09-16T16:57:59Z","path":"Star Wars Ep I - The Phantom Menace.m4v","tmdb_id":null,"confidence":0,"reason":"no TMDB candidates"}
{"at":"2026-09-16T16:57:59Z","path":"Star Wars Ep IV - A New Hope.mkv","tmdb_id":null,"confidence":0,"reason":"no TMDB candidates"}
{"at":"2026-09-16T16:58:00Z","path":"Star Wars Ep V - The Empire Strikes Back.mkv","tmdb_id":null,"confidence":0,"reason":"no TMDB candidates"}
{"at":"2026-09-16T16:58:00Z","path":"Star Wars Ep VI - Return of the Jedi.mkv","tmdb_id":null,"confidence":0,"reason":"no TMDB candidates"}
{"at":"2026-09-16T16:58:01Z","path":"Star Wars Ep VI - Return of the Jedi (original).mp4","tmdb_id":null,"confidence":0,"reason":"no TMDB candidates"}
{"at":"2026-09-16T16:58:01Z","path":"Star Wars Ep VII - The Force Awakens.mkv","tmdb_id":null,"confidence":0,"reason":"no TMDB candidates"}
{"at":"2026-09-16T16:58:01Z","path":"Star Wars Ep VIII - The Rise of Skywalker.m4v","tmdb_id":null,"confidence":0,"reason":"no TMDB candidates"}
{"at":"2026-09-16T16:59:38Z","path":"The Twilight Saga - Breaking Dawn 1 (purchased).mp4","tmdb_id":null,"confidence":0,"reason":"no TMDB candidates"}
{"at":"2026-09-16T16:59:38Z","path":"The Twilight Saga - Breaking Dawn 2 (purchased).mp4","tmdb_id":null,"confidence":0,"reason":"no TMDB candidates"}
{"at":"2026-09-16T16:59:39Z","path":"The Twilight Saga - Eclipse (purchased).mp4","tmdb_id":null,"confidence":0,"reason":"no TMDB candidates"}
{"at":"2026-09-16T16:59:39Z","path":"The Twilight Saga - New Moon (purchased).mp4","tmdb_id":null,"confidence":0,"reason":"no TMDB candidates"}
{"at":"2026-09-16T16:59:39Z","path":"The Twilight Saga - Twilight (purchased).mp4","tmdb_id":null,"confidence":0,"reason":"no TMDB candidates"}
{"at":"2026-09-16T16:59:40Z","path":"Star Wars Ep III - Revenge of the Sith.mkv","tmdb_id":null,"confidence":0,"reason":"no TMDB candidates"}
{"at":"2026-09-16T16:59:40Z","path":"Star Wars Ep I - The Phantom Menace.m4v","tmdb_id":null,"confidence":0,"reason":"no TMDB candidates"}
{"at":"2026-09-16T16:59:41Z","path":"Star Wars Ep IV - A New Hope.mkv","tmdb_id":null,"confidence":0,"reason":"no TMDB candidates"}
{"at":"2026-09-16T16:59:41Z","path":"Star Wars Ep V - The Empire Strikes Back.mkv","tmdb_id":null,"confidence":0,"reason":"no TMDB candidates"}
{"at":"2026-09-16T16:59:41Z","path":"Star Wars Ep VI - Return of the Jedi.mkv","tmdb_id":null,"confidence":0,"reason":"no TMDB candidates"}
{"at":"2026-09-16T16:59:42Z","path":"Star Wars Ep VI - Return of the Jedi (original).mp4","tmdb_id":null,"confidence":0,"reason":"no TMDB candidates"}
{"at":"2026-09-16T16:59:42Z","path":"Star Wars Ep VII - The Force Awakens.mkv","tmdb_id":null,"confidence":0,"reason":"no TMDB candidates"}
{"at":"2026-09-16T16:59:42Z","path":"Star Wars Ep VIII - The Rise of Skywalker.m4v","tmdb_id":null,"confidence":0,"reason":"no TMDB candidates"}
{"at":"2026-09-16T16:59:46Z","path":"Ace Ventura.m4v","tmdb_id":3049,"confidence":0.9,"reason":"title match Ace Ventura, 1994 Pet Detective"}
{"at":"2026-09-16T16:59:46Z","path":"Bill and Teds Excellent Adventure.m4v","tmdb_id":1648,"confidence":1,"reason":"exact title+year match"}
{"at":"2026-09-16T16:59:47Z","path":"Cowboys And Aliens.m4v","tmdb_id":49849,"confidence":1,"reason":"exact title+year match"}
{"at":"2026-09-16T16:59:47Z","path":"Ghost in the Shell S.A.C. - Solid State Society.m4v","tmdb_id":18874,"confidence":1,"reason":"exact title+year match"}
{"at":"2026-09-16T16:59:47Z","path":"Loaded Weapon 1.m4v","tmdb_id":9644,"confidence":1,"reason":"exact title+year match"}
{"at":"2026-09-16T16:59:48Z","path":"The Twilight Saga - Breaking Dawn 1.m4v","tmdb_id":50619,"confidence":1,"reason":"exact title+year match"}
{"at":"2026-09-16T16:59:48Z","path":"The Twilight Saga - Breaking Dawn 2.m4v","tmdb_id":50620,"confidence":1,"reason":"exact title+year match"}
{"at":"2026-09-16T16:59:48Z","path":"The Twilight Saga - Twilight.m4v","tmdb_id":null,"confidence":0,"reason":"no candidate matches original Twilight film"}
{"at":"2026-09-16T16:59:48Z","path":"Wall-E.m4v","tmdb_id":null,"confidence":0,"reason":"no matching WALL-E candidate"}
{"at":"2026-09-16T16:59:49Z","path":"Blade Runner 2049.m4v","tmdb_id":335984,"confidence":1,"reason":"exact title+year match"}
{"at":"2026-09-16T16:59:50Z","path":"Bill and Ted Face the Music.m4v","tmdb_id":501979,"confidence":1,"reason":"exact title+year match"}
{"at":"2026-09-16T16:59:50Z","path":"Starsky and Hutch.m4v","tmdb_id":9384,"confidence":1,"reason":"exact title+year match"}
{"at":"2026-09-16T16:59:51Z","path":"Star Wars Ep  II - Attack of the Clones.m4v","tmdb_id":null,"confidence":0,"reason":"no TMDB candidates"}
{"at":"2026-09-16T16:59:54Z","path":"An American Carol (netflix).mp4","tmdb_id":null,"confidence":0,"reason":"no TMDB candidates"}
{"at":"2026-09-16T16:59:55Z","path":"Role Models (Unrated).mp4","tmdb_id":null,"confidence":0,"reason":"no TMDB candidates"}
{"at":"2026-09-16T16:59:56Z","path":"Forgetting Sarah Marshall (Unrated).mp4","tmdb_id":null,"confidence":0,"reason":"no TMDB candidates"}
{"at":"2026-09-16T17:00:00Z","path":"Reno 911 - Miami (Unrated Version).mp4","tmdb_id":null,"confidence":0,"reason":"no TMDB candidates"}
{"at":"2026-09-16T17:00:00Z","path":"Resident Evil (4K).mp4","tmdb_id":null,"confidence":0,"reason":"no TMDB candidates"}
{"at":"2026-09-16T17:00:01Z","path":"The Naked Gun 33 and a Third.mp4","tmdb_id":null,"confidence":0,"reason":"no TMDB candidates"}
{"at":"2026-09-16T17:00:02Z","path":"Ghost in the Shell - remastered.mp4","tmdb_id":null,"confidence":0,"reason":"no TMDB candidates"}
{"at":"2026-09-16T17:00:08Z","path":"Christmas Vacation.mp4","tmdb_id":5825,"confidence":0.95,"reason":"exact title+year match"}
{"at":"2026-09-16T17:00:08Z","path":"Rush Hour 1.mp4","tmdb_id":2109,"confidence":0.9,"reason":"title match, numeric suffix ignored"}
{"at":"2026-09-16T17:00:09Z","path":"Indiana Jones and the Raiders of the Lost Ark.mp4","tmdb_id":85,"confidence":0.95,"reason":"exact title+year match"}
{"at":"2026-09-16T17:00:09Z","path":"Blade Runner (The Final Cut).mp4","tmdb_id":78,"confidence":0.85,"reason":"title match, Final Cut is edition"}
{"at":"2026-09-16T17:00:10Z","path":"Hungover Games.mp4","tmdb_id":244688,"confidence":0.8,"reason":"closest title match, 2014"}
{"at":"2026-09-16T17:00:10Z","path":"The Avengers - Age of Ultron.mp4","tmdb_id":99861,"confidence":0.95,"reason":"exact title+year match"}
{"at":"2026-09-16T17:00:11Z","path":"The Adventures of Buckaroo Banzai Across the Eighth Dimension.mp4","tmdb_id":11379,"confidence":0.9,"reason":"title match, spelling variant"}
{"at":"2026-09-16T17:00:11Z","path":"Transporter.mp4","tmdb_id":4108,"confidence":0.85,"reason":"first film in series"}
{"at":"2026-09-16T17:00:12Z","path":"The Librarian 1 - Quest for the Spear.mp4","tmdb_id":14207,"confidence":0.95,"reason":"exact title+year match"}
{"at":"2026-09-16T17:00:12Z","path":"The Librarian 3 - The Curse Of The Judas Chalice.mp4","tmdb_id":14728,"confidence":0.95,"reason":"exact title+year match"}
{"at":"2026-09-16T17:00:13Z","path":"The Librarian 2 - Return to King Solomons Mines.mp4","tmdb_id":14208,"confidence":0.95,"reason":"exact title+year match"}
{"at":"2026-09-16T17:00:13Z","path":"The Avengers - Infinity War.mp4","tmdb_id":299536,"confidence":0.95,"reason":"exact title+year match"}
{"at":"2026-09-16T17:00:13Z","path":"Alien 3.mp4","tmdb_id":null,"confidence":0,"reason":"no matching candidate"}
{"at":"2026-09-16T17:00:14Z","path":"Batman v Superman - Extended Edition.mp4","tmdb_id":209112,"confidence":0.9,"reason":"title match, Extended Edition is cut"}
{"at":"2026-09-16T17:00:14Z","path":"The Naked Gun 2 and a Half.mp4","tmdb_id":37137,"confidence":0.95,"reason":"exact title+year match"}
{"at":"2026-09-16T17:00:15Z","path":"Ernest - Slam Dunk.mp4","tmdb_id":39129,"confidence":0.95,"reason":"exact title+year match"}
{"at":"2026-09-16T17:00:15Z","path":"Aliens (directors cut).m4v","tmdb_id":679,"confidence":0.85,"reason":"title match, directors cut is edition"}
{"at":"2026-09-16T17:00:17Z","path":"Brickleberry/Season 1/01 Welcome To Brickleberry.mov","tmdb_id":null,"confidence":0,"reason":"no TMDB candidates"}
{"at":"2026-09-16T17:00:17Z","path":"Brickleberry/Season 1/02 Two Weeks Notice.mov","tmdb_id":null,"confidence":0,"reason":"no TMDB candidates"}
{"at":"2026-09-16T17:00:17Z","path":"Brickleberry/Season 1/03 Saved By The Balls.mov","tmdb_id":null,"confidence":0,"reason":"no TMDB candidates"}
{"at":"2026-09-16T17:00:18Z","path":"Brickleberry/Season 1/04 Squabbits.mov","tmdb_id":null,"confidence":0,"reason":"no TMDB candidates"}
{"at":"2026-09-16T17:00:18Z","path":"Brickleberry/Season 1/05 Race Off.mov","tmdb_id":null,"confidence":0,"reason":"no TMDB candidates"}
{"at":"2026-09-16T17:00:19Z","path":"Brickleberry/Season 1/06 Gay Bomb.mov","tmdb_id":null,"confidence":0,"reason":"no TMDB candidates"}
{"at":"2026-09-16T17:00:19Z","path":"Brickleberry/Season 1/07 Hello Dottie.mov","tmdb_id":null,"confidence":0,"reason":"no TMDB candidates"}
{"at":"2026-09-16T17:00:19Z","path":"Brickleberry/Season 1/08 Steves Bald.mov","tmdb_id":null,"confidence":0,"reason":"no TMDB candidates"}
{"at":"2026-09-16T17:00:20Z","path":"Brickleberry/Season 1/09 Daddy Issues.mov","tmdb_id":null,"confidence":0,"reason":"no TMDB candidates"}
{"at":"2026-09-16T17:00:20Z","path":"Brickleberry/Season 1/10 The Dam Show.mov","tmdb_id":null,"confidence":0,"reason":"no TMDB candidates"}
{"at":"2026-09-16T17:00:20Z","path":"Brickleberry/Season 2/01 Miracle Lake.mov","tmdb_id":null,"confidence":0,"reason":"no TMDB candidates"}
{"at":"2026-09-16T17:00:21Z","path":"Brickleberry/Season 2/02 The Comeback.mov","tmdb_id":null,"confidence":0,"reason":"no TMDB candidates"}
{"at":"2026-09-16T17:00:21Z","path":"Brickleberry/Season 2/03 Woodys Girl.mov","tmdb_id":null,"confidence":0,"reason":"no TMDB candidates"}
{"at":"2026-09-16T17:00:22Z","path":"Brickleberry/Season 2/04 Brickleberry Trailer Park.mov","tmdb_id":null,"confidence":0,"reason":"no TMDB candidates"}
{"at":"2026-09-16T17:00:22Z","path":"Brickleberry/Season 2/06 Ranger Games.mov","tmdb_id":null,"confidence":0,"reason":"no TMDB candidates"}
{"at":"2026-09-16T17:00:23Z","path":"Brickleberry/Season 2/07 My Way Or The Highway.mov","tmdb_id":null,"confidence":0,"reason":"no TMDB candidates"}
{"at":"2026-09-16T17:00:23Z","path":"Brickleberry/Season 2/08 Little Boy Malloy.mov","tmdb_id":null,"confidence":0,"reason":"no TMDB candidates"}
{"at":"2026-09-16T17:00:23Z","path":"Brickleberry/Season 2/10 Scared Straight.mov","tmdb_id":null,"confidence":0,"reason":"no TMDB candidates"}
{"at":"2026-09-16T17:00:24Z","path":"Brickleberry/Season 2/11 Trip To Mars.mov","tmdb_id":null,"confidence":0,"reason":"no TMDB candidates"}
{"at":"2026-09-16T17:00:24Z","path":"Brickleberry/Season 2/12 My Favorite Bear.mov","tmdb_id":null,"confidence":0,"reason":"no TMDB candidates"}
{"at":"2026-09-16T17:00:25Z","path":"Brickleberry/Season 2/13 A-park-a-lypse.mov","tmdb_id":null,"confidence":0,"reason":"no TMDB candidates"}
{"at":"2026-09-16T17:00:25Z","path":"Brickleberry/Season 3/01 Obamascare.mov","tmdb_id":null,"confidence":0,"reason":"no TMDB candidates"}
{"at":"2026-09-16T17:00:25Z","path":"Brickleberry/Season 3/02 In Da Club.mov","tmdb_id":null,"confidence":0,"reason":"no TMDB candidates"}
{"at":"2026-09-16T17:00:26Z","path":"Brickleberry/Season 3/03 Miss National Park.mov","tmdb_id":null,"confidence":0,"reason":"no TMDB candidates"}
{"at":"2026-09-16T17:00:27Z","path":"Holmes and Watson.mp4","tmdb_id":null,"confidence":0,"reason":"no matching candidate"}
{"at":"2026-09-16T17:31:08Z","path":"Brickleberry/Season 3/04 That Brothers My Father.mov","tmdb_id":null,"confidence":0,"reason":"no TMDB candidates"}
{"at":"2026-09-16T17:31:08Z","path":"Brickleberry/Season 3/06 Old Wounds.mov","tmdb_id":null,"confidence":0,"reason":"no TMDB candidates"}
{"at":"2026-09-16T17:31:09Z","path":"Brickleberry/Season 3/07 Baby Daddy.mov","tmdb_id":null,"confidence":0,"reason":"no TMDB candidates"}
{"at":"2026-09-16T17:31:09Z","path":"Brickleberry/Season 3/08 Steve the Fearless Pirate.mov","tmdb_id":null,"confidence":0,"reason":"no TMDB candidates"}
{"at":"2026-09-16T17:31:09Z","path":"Brickleberry/Season 3/09 High Stakes.mov","tmdb_id":null,"confidence":0,"reason":"no TMDB candidates"}
{"at":"2026-09-16T17:31:10Z","path":"Brickleberry/Season 3/10 Amber Alert.mov","tmdb_id":null,"confidence":0,"reason":"no TMDB candidates"}
{"at":"2026-09-16T17:31:10Z","path":"Brickleberry/Season 3/11 Cops and Bottoms.mov","tmdb_id":null,"confidence":0,"reason":"no TMDB candidates"}
{"at":"2026-09-16T17:31:10Z","path":"Brickleberry/Season 3/12 Campin Aint Easy.mov","tmdb_id":null,"confidence":0,"reason":"no TMDB candidates"}
{"at":"2026-09-16T17:31:11Z","path":"Brickleberry/Season 3/13 Global Warming.mov","tmdb_id":null,"confidence":0,"reason":"no TMDB candidates"}
{"at":"2026-09-16T17:31:21Z","path":"Cowboy Bebop/01 Asteroid Blues.mp4","tmdb_id":null,"confidence":0,"reason":"no matching TV series id in candidates"}
{"at":"2026-09-16T17:31:21Z","path":"Cowboy Bebop/02 Stray Dog Strut.mp4","tmdb_id":null,"confidence":0,"reason":"no matching TV series id in candidates"}
{"at":"2026-09-16T17:31:21Z","path":"Cowboy Bebop/03 Honky Tonk Woman.mp4","tmdb_id":null,"confidence":0,"reason":"no matching TV series id in candidates"}
{"at":"2026-09-16T17:31:21Z","path":"Cowboy Bebop/04 Gateway Shuffle.mp4","tmdb_id":null,"confidence":0,"reason":"no matching TV series id in candidates"}
{"at":"2026-09-16T17:31:21Z","path":"Cowboy Bebop/05 Ballad of Fallen Angels.mp4","tmdb_id":null,"confidence":0,"reason":"no matching TV series id in candidates"}
{"at":"2026-09-16T17:31:21Z","path":"Cowboy Bebop/06 Sympathy for the Devil.mp4","tmdb_id":null,"confidence":0,"reason":"no matching TV series id in candidates"}
{"at":"2026-09-16T17:31:21Z","path":"Cowboy Bebop/07 Heavy Metal Queen.mp4","tmdb_id":null,"confidence":0,"reason":"no matching TV series id in candidates"}
{"at":"2026-09-16T17:31:21Z","path":"Cowboy Bebop/08 Waltz for Venus.mp4","tmdb_id":null,"confidence":0,"reason":"no matching TV series id in candidates"}
{"at":"2026-09-16T17:31:21Z","path":"Cowboy Bebop/09 Jamming with Edward.mp4","tmdb_id":null,"confidence":0,"reason":"no matching TV series id in candidates"}
{"at":"2026-09-16T17:31:21Z","path":"Cowboy Bebop/10 Ganymede Elegy.mp4","tmdb_id":null,"confidence":0,"reason":"no matching TV series id in candidates"}
{"at":"2026-09-16T17:31:21Z","path":"Cowboy Bebop/11 Toys in the Attic.mp4","tmdb_id":null,"confidence":0,"reason":"no matching TV series id in candidates"}
{"at":"2026-09-16T17:31:21Z","path":"Cowboy Bebop/12 Jupiter Jazz part 1.mp4","tmdb_id":null,"confidence":0,"reason":"no matching TV series id in candidates"}
{"at":"2026-09-16T17:31:21Z","path":"Cowboy Bebop/13 Jupiter Jazz part 2.mp4","tmdb_id":null,"confidence":0,"reason":"no matching TV series id in candidates"}
{"at":"2026-09-16T17:31:21Z","path":"Cowboy Bebop/14 Bohemian Rhapsody.mp4","tmdb_id":null,"confidence":0,"reason":"no matching TV series id in candidates"}
{"at":"2026-09-16T17:31:21Z","path":"Cowboy Bebop/15 My Funny Valentine.mp4","tmdb_id":null,"confidence":0,"reason":"no matching TV series id in candidates"}
{"at":"2026-09-16T17:31:21Z","path":"Cowboy Bebop/16 Black Dog Serenade.mp4","tmdb_id":null,"confidence":0,"reason":"no matching TV series id in candidates"}
{"at":"2026-09-16T17:31:37Z","path":"Cowboy Bebop/17 Mushroom Samba.mp4","tmdb_id":null,"confidence":0,"reason":"no matching TV series id in candidates"}
{"at":"2026-09-16T17:31:37Z","path":"Cowboy Bebop/18 Speak Like a Child.mp4","tmdb_id":null,"confidence":0,"reason":"no matching TV series id in candidates"}
{"at":"2026-09-16T17:31:37Z","path":"Cowboy Bebop/19 Wild Horses.mp4","tmdb_id":null,"confidence":0,"reason":"no matching TV series id in candidates"}
{"at":"2026-09-16T17:31:37Z","path":"Cowboy Bebop/20 Pierrot Le Fou.mp4","tmdb_id":null,"confidence":0,"reason":"no matching TV series id in candidates"}
{"at":"2026-09-16T17:31:37Z","path":"Cowboy Bebop/21 Boogie-Woogie Feng-Shui.mp4","tmdb_id":null,"confidence":0,"reason":"no matching TV series id in candidates"}
{"at":"2026-09-16T17:31:37Z","path":"Cowboy Bebop/22 Cowboy Funk.mp4","tmdb_id":null,"confidence":0,"reason":"no matching TV series id in candidates"}
{"at":"2026-09-16T17:31:37Z","path":"Cowboy Bebop/23 Brain Scratch.mp4","tmdb_id":null,"confidence":0,"reason":"no matching TV series id in candidates"}
{"at":"2026-09-16T17:31:37Z","path":"Cowboy Bebop/24 Hard Luck Woman.mp4","tmdb_id":null,"confidence":0,"reason":"no matching TV series id in candidates"}
{"at":"2026-09-16T17:31:37Z","path":"Cowboy Bebop/25 The Real Folk Blues part 1.mp4","tmdb_id":null,"confidence":0,"reason":"no matching TV series id in candidates"}
{"at":"2026-09-16T17:31:37Z","path":"Cowboy Bebop/26 The Real Folk Blues part 2.mp4","tmdb_id":null,"confidence":0,"reason":"no matching TV series id in candidates"}
{"at":"2026-09-16T17:31:37Z","path":"Futurama/Season 01/01 Space Pilot 3000.mp4","tmdb_id":null,"confidence":0,"reason":"no matching TV series id in candidates"}
{"at":"2026-09-16T17:31:37Z","path":"Futurama/Season 01/02 The Series Has Landed.mp4","tmdb_id":null,"confidence":0,"reason":"no matching TV series id in candidates"}
{"at":"2026-09-16T17:31:37Z","path":"Futurama/Season 01/03 I Roomate.mp4","tmdb_id":null,"confidence":0,"reason":"no matching TV series id in candidates"}
{"at":"2026-09-16T17:31:37Z","path":"Futurama/Season 01/04 Loves Labours Lost In Space.mp4","tmdb_id":null,"confidence":0,"reason":"no matching TV series id in candidates"}
{"at":"2026-09-16T17:31:37Z","path":"Futurama/Season 01/05 Fear of a Bot Planet.mp4","tmdb_id":null,"confidence":0,"reason":"no matching TV series id in candidates"}
{"at":"2026-09-16T17:31:37Z","path":"Futurama/Season 01/06 A Fishful of Dollars.mp4","tmdb_id":null,"confidence":0,"reason":"no matching TV series id in candidates"}
{"at":"2026-09-16T17:31:37Z","path":"Futurama/Season 01/07 My Three Suns.mp4","tmdb_id":null,"confidence":0,"reason":"no matching TV series id in candidates"}
{"at":"2026-09-16T17:31:37Z","path":"Futurama/Season 01/08 A Big Piece of Garbage.mp4","tmdb_id":null,"confidence":0,"reason":"no matching TV series id in candidates"}
{"at":"2026-09-16T17:31:37Z","path":"Futurama/Season 01/09 Hell Is Other Robots.mp4","tmdb_id":null,"confidence":0,"reason":"no matching TV series id in candidates"}
{"at":"2026-09-16T17:31:37Z","path":"Futurama/Season 01/10 A Flight to Remember.mp4","tmdb_id":null,"confidence":0,"reason":"no matching TV series id in candidates"}
{"at":"2026-09-16T17:31:37Z","path":"Futurama/Season 01/11 Mars University.mp4","tmdb_id":null,"confidence":0,"reason":"no matching TV series id in candidates"}
{"at":"2026-09-16T17:31:37Z","path":"Futurama/Season 01/12 When Aliens Attack.mp4","tmdb_id":null,"confidence":0,"reason":"no matching TV series id in candidates"}
{"at":"2026-09-16T17:31:37Z","path":"Futurama/Season 01/13 Fry and the Slurm Factory.mp4","tmdb_id":null,"confidence":0,"reason":"no matching TV series id in candidates"}
{"at":"2026-09-16T17:31:37Z","path":"Futurama/Season 02/01 I Second That Emotion.mp4","tmdb_id":null,"confidence":0,"reason":"no matching TV series id in candidates"}
{"at":"2026-09-16T17:31:37Z","path":"Futurama/Season 02/02 Brannigan Begin Again.mp4","tmdb_id":null,"confidence":0,"reason":"no matching TV series id in candidates"}
{"at":"2026-09-16T17:31:54Z","path":"Futurama/Season 02/03 A Head in the Polls.mp4","tmdb_id":null,"confidence":0,"reason":"no matching TV series id in candidates"}
{"at":"2026-09-16T17:31:54Z","path":"Futurama/Season 02/04 X-Mas Story.mp4","tmdb_id":null,"confidence":0,"reason":"no matching TV series id in candidates"}
{"at":"2026-09-16T17:31:54Z","path":"Futurama/Season 02/05 Why Must I Be a Crustacean In Love.mp4","tmdb_id":null,"confidence":0,"reason":"no matching TV series id in candidates"}
{"at":"2026-09-16T17:31:54Z","path":"Futurama/Season 02/06 The Lesser of Two Evils.mp4","tmdb_id":null,"confidence":0,"reason":"no matching TV series id in candidates"}
{"at":"2026-09-16T17:31:54Z","path":"Futurama/Season 02/07 Put Your Head On My Shoulder.mp4","tmdb_id":null,"confidence":0,"reason":"no matching TV series id in candidates"}
{"at":"2026-09-16T17:31:54Z","path":"Futurama/Season 02/08 Raging Bender.mp4","tmdb_id":null,"confidence":0,"reason":"no matching TV series id in candidates"}
{"at":"2026-09-16T17:31:54Z","path":"Futurama/Season 02/09 A Bicyclops Built For Two.mp4","tmdb_id":null,"confidence":0,"reason":"no matching TV series id in candidates"}
{"at":"2026-09-16T17:31:54Z","path":"Futurama/Season 02/10 A Clone of My Own.mp4","tmdb_id":null,"confidence":0,"reason":"no matching TV series id in candidates"}
{"at":"2026-09-16T17:31:54Z","path":"Futurama/Season 02/11 How Hermes Requisitioned His Groove Back.mp4","tmdb_id":null,"confidence":0,"reason":"no matching TV series id in candidates"}
{"at":"2026-09-16T17:31:54Z","path":"Futurama/Season 02/12 The Deep South.mp4","tmdb_id":null,"confidence":0,"reason":"no matching TV series id in candidates"}
{"at":"2026-09-16T17:31:54Z","path":"Futurama/Season 02/13 Bender Gets Made.mp4","tmdb_id":null,"confidence":0,"reason":"no matching TV series id in candidates"}
{"at":"2026-09-16T17:31:54Z","path":"Futurama/Season 02/14 Mothers Day.mp4","tmdb_id":null,"confidence":0,"reason":"no matching TV series id in candidates"}
{"at":"2026-09-16T17:31:54Z","path":"Futurama/Season 02/15 The Problem With Popplers.mp4","tmdb_id":null,"confidence":0,"reason":"no matching TV series id in candidates"}
{"at":"2026-09-16T17:31:54Z","path":"Futurama/Season 02/16 Anthology of Interest.mp4","tmdb_id":null,"confidence":0,"reason":"no matching TV series id in candidates"}
{"at":"2026-09-16T17:31:54Z","path":"Futurama/Season 02/17 War Is The H-Word.mp4","tmdb_id":null,"confidence":0,"reason":"no matching TV series id in candidates"}
{"at":"2026-09-16T17:31:54Z","path":"Futurama/Season 02/18 The Honking.mp4","tmdb_id":null,"confidence":0,"reason":"no matching TV series id in candidates"}
{"at":"2026-09-16T17:31:54Z","path":"Futurama/Season 02/19 The Cryonic Woman.mp4","tmdb_id":null,"confidence":0,"reason":"no matching TV series id in candidates"}
{"at":"2026-09-16T17:31:54Z","path":"Futurama/Season 03/01 Amazon Women in the Mood.m4v","tmdb_id":null,"confidence":0,"reason":"no matching TV series id in candidates"}
{"at":"2026-09-16T17:31:54Z","path":"Futurama/Season 03/02 Parasites Lost.m4v","tmdb_id":null,"confidence":0,"reason":"no matching TV series id in candidates"}
{"at":"2026-09-16T17:31:54Z","path":"Futurama/Season 03/03 A Tale of Two Santas.m4v","tmdb_id":null,"confidence":0,"reason":"no matching TV series id in candidates"}
{"at":"2026-09-16T17:31:54Z","path":"Futurama/Season 03/04 The Luck of the Fryrish.m4v","tmdb_id":null,"confidence":0,"reason":"no matching TV series id in candidates"}
{"at":"2026-09-16T17:31:54Z","path":"Futurama/Season 03/05 The Birdbot of Ice-catraz.m4v","tmdb_id":null,"confidence":0,"reason":"no matching TV series id in candidates"}
{"at":"2026-09-16T17:31:54Z","path":"Futurama/Season 03/06 Bendless Love.m4v","tmdb_id":null,"confidence":0,"reason":"no matching TV series id in candidates"}
{"at":"2026-09-16T17:31:54Z","path":"Futurama/Season 03/07 The Day the Earth Stood Stupid.m4v","tmdb_id":null,"confidence":0,"reason":"no matching TV series id in candidates"}
{"at":"2026-09-16T17:31:54Z","path":"Futurama/Season 03/08 That's Lobstertainment.m4v","tmdb_id":null,"confidence":0,"reason":"no matching TV series id in candidates"}
{"at":"2026-09-16T17:32:12Z","path":"Futurama/Season 03/09 The Cyber House Rules.m4v","tmdb_id":null,"confidence":0,"reason":"candidates are all movies, not TV episodes"}
{"at":"2026-09-16T17:32:12Z","path":"Futurama/Season 03/10 Where the Buggalo Roam.m4v","tmdb_id":null,"confidence":0,"reason":"candidates are all movies, not TV episodes"}
{"at":"2026-09-16T17:32:12Z","path":"Futurama/Season 03/11 Insane in the Mainframe.m4v","tmdb_id":null,"confidence":0,"reason":"candidates are all movies, not TV episodes"}
{"at":"2026-09-16T17:32:12Z","path":"Futurama/Season 03/12 The Route of All Evil.m4v","tmdb_id":null,"confidence":0,"reason":"candidates are all movies, not TV episodes"}
{"at":"2026-09-16T17:32:12Z","path":"Futurama/Season 03/13 Bendin in the Wind.m4v","tmdb_id":null,"confidence":0,"reason":"candidates are all movies, not TV episodes"}
{"at":"2026-09-16T17:32:12Z","path":"Futurama/Season 03/14 Time Keeps On Slipping.m4v","tmdb_id":null,"confidence":0,"reason":"candidates are all movies, not TV episodes"}
{"at":"2026-09-16T17:32:12Z","path":"Futurama/Season 03/15 I Dated a Robot.m4v","tmdb_id":null,"confidence":0,"reason":"candidates are all movies, not TV episodes"}
{"at":"2026-09-16T17:32:12Z","path":"Futurama/Season 03/16 A Leela of Her Own.m4v","tmdb_id":null,"confidence":0,"reason":"candidates are all movies, not TV episodes"}
{"at":"2026-09-16T17:32:12Z","path":"Futurama/Season 03/17 A Pharoah to Remember.m4v","tmdb_id":null,"confidence":0,"reason":"candidates are all movies, not TV episodes"}
{"at":"2026-09-16T17:32:12Z","path":"Futurama/Season 03/18 Anthology of Interest II.m4v","tmdb_id":null,"confidence":0,"reason":"candidates are all movies, not TV episodes"}
{"at":"2026-09-16T17:32:12Z","path":"Futurama/Season 03/19 Roswell That Ends Well.m4v","tmdb_id":null,"confidence":0,"reason":"candidates are all movies, not TV episodes"}
{"at":"2026-09-16T17:32:12Z","path":"Futurama/Season 03/20 Godfellas.m4v","tmdb_id":null,"confidence":0,"reason":"candidates are all movies, not TV episodes"}
{"at":"2026-09-16T17:32:12Z","path":"Futurama/Season 03/21 Future Stock.m4v","tmdb_id":null,"confidence":0,"reason":"candidates are all movies, not TV episodes"}
{"at":"2026-09-16T17:32:12Z","path":"Futurama/Season 03/22 The 30% Iron Chef.m4v","tmdb_id":null,"confidence":0,"reason":"candidates are all movies, not TV episodes"}
{"at":"2026-09-16T17:32:12Z","path":"Futurama/Season 03/23 Studio Sketches.m4v","tmdb_id":null,"confidence":0,"reason":"candidates are all movies, not TV episodes"}
{"at":"2026-09-16T17:32:12Z","path":"Futurama/Season 03/01 Amazon Women in the Mood.mp4","tmdb_id":null,"confidence":0,"reason":"candidates are all movies, not TV episodes"}
{"at":"2026-09-16T17:32:12Z","path":"Futurama/Season 03/02 Parasites Lost.mp4","tmdb_id":null,"confidence":0,"reason":"candidates are all movies, not TV episodes"}
{"at":"2026-09-16T17:32:12Z","path":"Futurama/Season 03/03 A Tale of Two Santas.mp4","tmdb_id":null,"confidence":0,"reason":"candidates are all movies, not TV episodes"}
{"at":"2026-09-16T17:32:12Z","path":"Futurama/Season 03/04 The Luck of the Fryrish.mp4","tmdb_id":null,"confidence":0,"reason":"candidates are all movies, not TV episodes"}
{"at":"2026-09-16T17:32:12Z","path":"Futurama/Season 03/05 The Birdbot of Ice-catraz.mp4","tmdb_id":null,"confidence":0,"reason":"candidates are all movies, not TV episodes"}
{"at":"2026-09-16T17:32:12Z","path":"Futurama/Season 03/06 Bendless Love.mp4","tmdb_id":null,"confidence":0,"reason":"candidates are all movies, not TV episodes"}
{"at":"2026-09-16T17:32:12Z","path":"Futurama/Season 03/07 The Day the Earth Stood Stupid.mp4","tmdb_id":null,"confidence":0,"reason":"candidates are all movies, not TV episodes"}
{"at":"2026-09-16T17:32:12Z","path":"Futurama/Season 03/08 That's Lobstertainment.mp4","tmdb_id":null,"confidence":0,"reason":"candidates are all movies, not TV episodes"}
{"at":"2026-09-16T17:32:12Z","path":"Futurama/Season 03/09 The Cyber House Rules.mp4","tmdb_id":null,"confidence":0,"reason":"candidates are all movies, not TV episodes"}
{"at":"2026-09-16T17:32:12Z","path":"Futurama/Season 03/10 Where the Buggalo Roam.mp4","tmdb_id":null,"confidence":0,"reason":"candidates are all movies, not TV episodes"}
{"at":"2026-09-16T17:32:28Z","path":"Futurama/Season 03/11 Insane in the Mainframe.mp4","tmdb_id":null,"confidence":0,"reason":"no matching TV series id in candidates"}
{"at":"2026-09-16T17:32:28Z","path":"Futurama/Season 03/12 The Route of All Evil.mp4","tmdb_id":null,"confidence":0,"reason":"no matching TV series id in candidates"}
{"at":"2026-09-16T17:32:28Z","path":"Futurama/Season 03/13 Bendin in the Wind.mp4","tmdb_id":null,"confidence":0,"reason":"no matching TV series id in candidates"}
{"at":"2026-09-16T17:32:28Z","path":"Futurama/Season 03/14 Time Keeps On Slipping.mp4","tmdb_id":null,"confidence":0,"reason":"no matching TV series id in candidates"}
{"at":"2026-09-16T17:32:28Z","path":"Futurama/Season 03/15 I Dated a Robot.mp4","tmdb_id":null,"confidence":0,"reason":"no matching TV series id in candidates"}
{"at":"2026-09-16T17:32:28Z","path":"Futurama/Season 03/16 A Leela of Her Own.mp4","tmdb_id":null,"confidence":0,"reason":"no matching TV series id in candidates"}
{"at":"2026-09-16T17:32:28Z","path":"Futurama/Season 03/17 A Pharoah to Remember.mp4","tmdb_id":null,"confidence":0,"reason":"no matching TV series id in candidates"}
{"at":"2026-09-16T17:32:28Z","path":"Futurama/Season 03/18 Anthology of Interest II.mp4","tmdb_id":null,"confidence":0,"reason":"no matching TV series id in candidates"}
{"at":"2026-09-16T17:32:28Z","path":"Futurama/Season 03/19 Roswell That Ends Well.mp4","tmdb_id":null,"confidence":0,"reason":"no matching TV series id in candidates"}
{"at":"2026-09-16T17:32:28Z","path":"Futurama/Season 03/20 Godfellas.mp4","tmdb_id":null,"confidence":0,"reason":"no matching TV series id in candidates"}
{"at":"2026-09-16T17:32:28Z","path":"Futurama/Season 03/21 Future Stock.mp4","tmdb_id":null,"confidence":0,"reason":"no matching TV series id in candidates"}
{"at":"2026-09-16T17:32:28Z","path":"Futurama/Season 03/22 The 30% Iron Chef.mp4","tmdb_id":null,"confidence":0,"reason":"no matching TV series id in candidates"}
{"at":"2026-09-16T17:32:28Z","path":"Futurama/Season 04/01 Kif Gets Knocked Up A Notch.m4v","tmdb_id":null,"confidence":0,"reason":"no matching TV series id in candidates"}
{"at":"2026-09-16T17:32:28Z","path":"Futurama/Season 04/02 Leelas Homeworld.m4v","tmdb_id":null,"confidence":0,"reason":"no matching TV series id in candidates"}
{"at":"2026-09-16T17:32:28Z","path":"Futurama/Season 04/03 Love and Rocket.m4v","tmdb_id":null,"confidence":0,"reason":"no matching TV series id in candidates"}
{"at":"2026-09-16T17:32:28Z","path":"Futurama/Season 04/04 Less Than Hero.m4v","tmdb_id":null,"confidence":0,"reason":"no matching TV series id in candidates"}
{"at":"2026-09-16T17:32:28Z","path":"Futurama/Season 04/05 A Taste of Freedom.m4v","tmdb_id":null,"confidence":0,"reason":"no matching TV series id in candidates"}
{"at":"2026-09-16T17:32:28Z","path":"Futurama/Season 04/06 Bender Should Not Be Allowed On TV.m4v","tmdb_id":null,"confidence":0,"reason":"no matching TV series id in candidates"}
{"at":"2026-09-16T17:32:28Z","path":"Futurama/Season 04/07 Jurassic Bark.m4v","tmdb_id":null,"confidence":0,"reason":"no matching TV series id in candidates"}
{"at":"2026-09-16T17:32:28Z","path":"Futurama/Season 04/08 Crimes of the Hot.m4v","tmdb_id":null,"confidence":0,"reason":"no matching TV series id in candidates"}
{"at":"2026-09-16T17:32:28Z","path":"Futurama/Season 04/09 Teenage Mutant Leelas Hurdles.m4v","tmdb_id":null,"confidence":0,"reason":"no matching TV series id in candidates"}
{"at":"2026-09-16T17:32:28Z","path":"Futurama/Season 04/10 The Why of Fry.m4v","tmdb_id":null,"confidence":0,"reason":"no matching TV series id in candidates"}
{"at":"2026-09-16T17:32:28Z","path":"Futurama/Season 04/11 Where No Fan Has Gone Before.m4v","tmdb_id":null,"confidence":0,"reason":"no matching TV series id in candidates"}
{"at":"2026-09-16T17:32:28Z","path":"Futurama/Season 04/12 The Sting.m4v","tmdb_id":null,"confidence":0,"reason":"no matching TV series id in candidates"}
{"at":"2026-09-16T17:32:28Z","path":"Futurama/Season 04/13 Bend Her.m4v","tmdb_id":null,"confidence":0,"reason":"no matching TV series id in candidates"}
{"at":"2026-09-16T17:32:46Z","path":"Futurama/Season 04/14 Obsoletely Fabulous.m4v","tmdb_id":null,"confidence":0,"reason":"no matching TV episode in candidates"}
{"at":"2026-09-16T17:32:46Z","path":"Futurama/Season 04/15 The Farnsworth Parabox.m4v","tmdb_id":null,"confidence":0,"reason":"no matching TV episode in candidates"}
{"at":"2026-09-16T17:32:46Z","path":"Futurama/Season 04/16 Three Hundred Big Boys.m4v","tmdb_id":null,"confidence":0,"reason":"no matching TV episode in candidates"}
{"at":"2026-09-16T17:32:46Z","path":"Futurama/Season 04/17 Spanish Fry.m4v","tmdb_id":null,"confidence":0,"reason":"no matching TV episode in candidates"}
{"at":"2026-09-16T17:32:46Z","path":"Futurama/Season 04/18 The Devils Hands Are Idle Playthings.m4v","tmdb_id":null,"confidence":0,"reason":"no matching TV episode in candidates"}
{"at":"2026-09-16T17:32:46Z","path":"Futurama/Season 05/1 Benders Big Score.mp4","tmdb_id":7249,"confidence":0.9,"reason":"title+year match for Bender's Big Score"}
{"at":"2026-09-16T17:32:47Z","path":"Futurama/Season 05/3 Benders Game.m4v","tmdb_id":13253,"confidence":0.9,"reason":"title+year match for Bender's Game"}
{"at":"2026-09-16T17:32:47Z","path":"Futurama/Season 05/4 Into the Wild Green Yonder.m4v","tmdb_id":15060,"confidence":0.9,"reason":"title+year match for Into the Wild Green Yonder"}
{"at":"2026-09-16T17:32:47Z","path":"Futurama/Season 07/01 Rebirth.mp4","tmdb_id":null,"confidence":0,"reason":"no matching TV episode in candidates"}
{"at":"2026-09-16T17:32:47Z","path":"Futurama/Season 07/02 In-a-Gadda-Da-Leela.mp4","tmdb_id":null,"confidence":0,"reason":"no matching TV episode in candidates"}
{"at":"2026-09-16T17:32:47Z","path":"Futurama/Season 07/03 Attack of the Killer App.mp4","tmdb_id":null,"confidence":0,"reason":"no matching TV episode in candidates"}
{"at":"2026-09-16T17:32:47Z","path":"Futurama/Season 07/04 Proposition Infinity.mp4","tmdb_id":null,"confidence":0,"reason":"no matching TV episode in candidates"}
{"at":"2026-09-16T17:32:47Z","path":"Futurama/Season 07/05 The Duh-Vinci Code.mp4","tmdb_id":null,"confidence":0,"reason":"no matching TV episode in candidates"}
{"at":"2026-09-16T17:32:47Z","path":"Futurama/Season 07/06 Lethal Inspection.mp4","tmdb_id":null,"confidence":0,"reason":"no matching TV episode in candidates"}
{"at":"2026-09-16T17:32:47Z","path":"Futurama/Season 07/07 The Late Philip J. Fry.mp4","tmdb_id":null,"confidence":0,"reason":"no matching TV episode in candidates"}
{"at":"2026-09-16T17:32:47Z","path":"Futurama/Season 07/08 That Darn Katz.mp4","tmdb_id":null,"confidence":0,"reason":"no matching TV episode in candidates"}
{"at":"2026-09-16T17:32:47Z","path":"Futurama/Season 07/09 A Clockwork Origin.mp4","tmdb_id":null,"confidence":0,"reason":"no matching TV episode in candidates"}
{"at":"2026-09-16T17:32:47Z","path":"Futurama/Season 07/10 The Prisoner of Benda.mp4","tmdb_id":null,"confidence":0,"reason":"no matching TV episode in candidates"}
{"at":"2026-09-16T17:32:47Z","path":"Futurama/Season 07/11 Lrrreconcilable Ndndifferences.mp4","tmdb_id":null,"confidence":0,"reason":"no matching TV episode in candidates"}
{"at":"2026-09-16T17:32:47Z","path":"Futurama/Season 07/12 The Mutants are Revolting.mp4","tmdb_id":null,"confidence":0,"reason":"no matching TV episode in candidates"}
{"at":"2026-09-16T17:32:47Z","path":"Futurama/Season 07/13 Holiday Spectacular.mp4","tmdb_id":null,"confidence":0,"reason":"no matching TV episode in candidates"}
{"at":"2026-09-16T17:32:47Z","path":"Futurama/Season 08/All the Presidents Heads.m4v","tmdb_id":null,"confidence":0,"reason":"no matching TV episode in candidates"}
{"at":"2026-09-16T17:32:47Z","path":"Futurama/Season 08/Benderama.m4v","tmdb_id":null,"confidence":0,"reason":"no matching TV episode in candidates"}
{"at":"2026-09-16T17:32:47Z","path":"Futurama/Season 08/Cold Warriors.m4v","tmdb_id":null,"confidence":0,"reason":"no matching TV episode in candidates"}
{"at":"2026-09-16T17:32:47Z","path":"Futurama/Season 08/Fry Am the Egg Man.m4v","tmdb_id":null,"confidence":0,"reason":"no matching TV episode in candidates"}
{"at":"2026-09-16T17:33:04Z","path":"Futurama/Season 08/Ghost in the Machine.m4v","tmdb_id":null,"confidence":0,"reason":"candidates are all movies, not TV episodes"}
{"at":"2026-09-16T17:33:04Z","path":"Futurama/Season 08/Law and Oracle.m4v","tmdb_id":null,"confidence":0,"reason":"candidates are all movies, not TV episodes"}
{"at":"2026-09-16T17:33:04Z","path":"Futurama/Season 08/Mobius Dick.m4v","tmdb_id":null,"confidence":0,"reason":"candidates are all movies, not TV episodes"}
{"at":"2026-09-16T17:33:04Z","path":"Futurama/Season 08/Neutopia.m4v","tmdb_id":null,"confidence":0,"reason":"candidates are all movies, not TV episodes"}
{"at":"2026-09-16T17:33:04Z","path":"Futurama/Season 08/Overclockwise.m4v","tmdb_id":null,"confidence":0,"reason":"candidates are all movies, not TV episodes"}
{"at":"2026-09-16T17:33:04Z","path":"Futurama/Season 08/Reincarnation.m4v","tmdb_id":null,"confidence":0,"reason":"candidates are all movies, not TV episodes"}
{"at":"2026-09-16T17:33:04Z","path":"Futurama/Season 08/The Silence of the Clamps.m4v","tmdb_id":null,"confidence":0,"reason":"candidates are all movies, not TV episodes"}
{"at":"2026-09-16T17:33:04Z","path":"Futurama/Season 08/The Tip of the Zoidberg.m4v","tmdb_id":null,"confidence":0,"reason":"candidates are all movies, not TV episodes"}
{"at":"2026-09-16T17:33:04Z","path":"Futurama/Season 08/Yo Leela Leela.m4v","tmdb_id":null,"confidence":0,"reason":"candidates are all movies, not TV episodes"}
{"at":"2026-09-16T17:33:04Z","path":"Futurama/Season 09/01 The Bots and the Bees.mp4","tmdb_id":null,"confidence":0,"reason":"candidates are all movies, not TV episodes"}
{"at":"2026-09-16T17:33:04Z","path":"Futurama/Season 09/02 A Farewell to Arms.mp4","tmdb_id":null,"confidence":0,"reason":"candidates are all movies, not TV episodes"}
{"at":"2026-09-16T17:33:04Z","path":"Futurama/Season 09/03 Decision 3012.mp4","tmdb_id":null,"confidence":0,"reason":"candidates are all movies, not TV episodes"}
{"at":"2026-09-16T17:33:04Z","path":"Futurama/Season 09/04 The Thief of Baghead.mp4","tmdb_id":null,"confidence":0,"reason":"candidates are all movies, not TV episodes"}
{"at":"2026-09-16T17:33:04Z","path":"Futurama/Season 09/05 Zapp Dingbat.mp4","tmdb_id":null,"confidence":0,"reason":"candidates are all movies, not TV episodes"}
{"at":"2026-09-16T17:33:04Z","path":"Futurama/Season 09/06 The Butterjunk Effect.mp4","tmdb_id":null,"confidence":0,"reason":"candidates are all movies, not TV episodes"}
{"at":"2026-09-16T17:33:04Z","path":"Futurama/Season 09/07 The Six Million Dollar Mon.mp4","tmdb_id":null,"confidence":0,"reason":"candidates are all movies, not TV episodes"}
{"at":"2026-09-16T17:33:04Z","path":"Futurama/Season 09/08 Fun On a Bun.mp4","tmdb_id":null,"confidence":0,"reason":"candidates are all movies, not TV episodes"}
{"at":"2026-09-16T17:33:04Z","path":"Futurama/Season 09/09 Free Will Hunting.mp4","tmdb_id":null,"confidence":0,"reason":"candidates are all movies, not TV episodes"}
{"at":"2026-09-16T17:33:04Z","path":"Futurama/Season 09/10 Near-Death Wish.mp4","tmdb_id":null,"confidence":0,"reason":"candidates are all movies, not TV episodes"}
{"at":"2026-09-16T17:33:04Z","path":"Futurama/Season 09/11 Viva Mars Vegas.mp4","tmdb_id":null,"confidence":0,"reason":"candidates are all movies, not TV episodes"}
{"at":"2026-09-16T17:33:04Z","path":"Futurama/Season 09/12 31st Century Fox.mp4","tmdb_id":null,"confidence":0,"reason":"candidates are all movies, not TV episodes"}
{"at":"2026-09-16T17:33:04Z","path":"Futurama/Season 09/13 Naturama.mp4","tmdb_id":null,"confidence":0,"reason":"candidates are all movies, not TV episodes"}
{"at":"2026-09-16T17:33:04Z","path":"Futurama/Season 10/01 2-D Blacktop.mp4","tmdb_id":null,"confidence":0,"reason":"candidates are all movies, not TV episodes"}
{"at":"2026-09-16T17:33:04Z","path":"Futurama/Season 10/02 Fry and Leela's Big Fling.mp4","tmdb_id":null,"confidence":0,"reason":"candidates are all movies, not TV episodes"}
{"at":"2026-09-16T17:33:04Z","path":"Futurama/Season 10/03 T.- The Terrestrial.mp4","tmdb_id":null,"confidence":0,"reason":"candidates are all movies, not TV episodes"}
{"at":"2026-09-16T17:33:13Z","path":"Futurama/From Hulu - fix later/Season 5/07_Teenage Mutant Leela_s Hurdles.mp4","tmdb_id":null,"confidence":0,"reason":"no TMDB candidates"}
{"at":"2026-09-16T17:33:13Z","path":"Futurama/From Hulu - fix later/Season 5/05_Kif Gets Knocked Up a Notch.mp4","tmdb_id":null,"confidence":0,"reason":"no TMDB candidates"}
{"at":"2026-09-16T17:33:14Z","path":"Futurama/From Hulu - fix later/Season 5/13_Bend Her.mp4","tmdb_id":null,"confidence":0,"reason":"no TMDB candidates"}
{"at":"2026-09-16T17:33:14Z","path":"Futurama/From Hulu - fix later/Season 5/10_The Farnsworth Parabox.mp4","tmdb_id":null,"confidence":0,"reason":"no TMDB candidates"}
{"at":"2026-09-16T17:33:14Z","path":"Futurama/From Hulu - fix later/Season 5/08_The Why of Fry.mp4","tmdb_id":null,"confidence":0,"reason":"no TMDB candidates"}
{"at":"2026-09-16T17:33:20Z","path":"Futurama/Season 10/04 Forty Percent Leadbelly.mp4","tmdb_id":null,"confidence":0,"reason":"no matching candidate"}
{"at":"2026-09-16T17:33:20Z","path":"Futurama/Season 10/05 The Inhuman Torch.mp4","tmdb_id":null,"confidence":0,"reason":"no matching candidate"}
{"at":"2026-09-16T17:33:20Z","path":"Futurama/Season 10/06 Saturday Morning Fun Pit.mp4","tmdb_id":null,"confidence":0,"reason":"no matching candidate"}
{"at":"2026-09-16T17:33:20Z","path":"Futurama/Season 10/07 Calculon 2.0.mp4","tmdb_id":null,"confidence":0,"reason":"no matching candidate"}
{"at":"2026-09-16T17:33:20Z","path":"Futurama/Season 10/08 Assie Come Home.mp4","tmdb_id":null,"confidence":0,"reason":"no matching candidate"}
{"at":"2026-09-16T17:33:20Z","path":"Futurama/Season 10/09 Leela and the Genestalk.mp4","tmdb_id":null,"confidence":0,"reason":"no matching candidate"}
{"at":"2026-09-16T17:33:20Z","path":"Futurama/Season 10/10 Game of Tones.mp4","tmdb_id":null,"confidence":0,"reason":"no matching candidate"}
{"at":"2026-09-16T17:33:20Z","path":"Futurama/Season 10/11 Murder On the Planet Express.mp4","tmdb_id":null,"confidence":0,"reason":"no matching candidate"}
{"at":"2026-09-16T17:33:20Z","path":"Futurama/Season 10/12 Stench and Stenchibility.mp4","tmdb_id":null,"confidence":0,"reason":"no matching candidate"}
{"at":"2026-09-16T17:33:20Z","path":"Futurama/Season 10/13 Meanwhile.mp4","tmdb_id":null,"confidence":0,"reason":"no matching candidate"}
{"at":"2026-09-16T17:33:20Z","path":"Futurama/Season 11/03 How the West Was 1010001.mp4","tmdb_id":null,"confidence":0,"reason":"no matching candidate"}
{"at":"2026-09-16T17:33:20Z","path":"Futurama/Season 11/01 The Impossible Stream.mp4","tmdb_id":null,"confidence":0,"reason":"no matching candidate"}
{"at":"2026-09-16T17:33:20Z","path":"Futurama/Season 11/02 Children of a Lesser Bog.mp4","tmdb_id":null,"confidence":0,"reason":"no matching candidate"}
{"at":"2026-09-16T17:33:20Z","path":"Futurama/Season 11/Futurama 10.mp4","tmdb_id":null,"confidence":0,"reason":"no matching candidate"}
{"at":"2026-09-16T17:33:20Z","path":"Futurama/Season 11/Futurama 7 truncated.mp4","tmdb_id":null,"confidence":0,"reason":"no matching candidate"}
{"at":"2026-09-16T17:33:20Z","path":"Futurama/Season 11/Futurama 4.mp4","tmdb_id":null,"confidence":0,"reason":"no matching candidate"}
{"at":"2026-09-16T17:33:20Z","path":"Futurama/Season 11/Futurama 6.mp4","tmdb_id":null,"confidence":0,"reason":"no matching candidate"}
{"at":"2026-09-16T17:33:20Z","path":"Futurama/Season 11/Futurama 9.mp4","tmdb_id":null,"confidence":0,"reason":"no matching candidate"}
{"at":"2026-09-16T17:33:20Z","path":"Futurama/Season 11/Futurama 8.mp4","tmdb_id":null,"confidence":0,"reason":"no matching candidate"}
{"at":"2026-09-16T17:33:20Z","path":"Futurama/Season 11/Futurama 5.mp4","tmdb_id":null,"confidence":0,"reason":"no matching candidate"}
{"at":"2026-09-16T17:33:20Z","path":"Futurama/From Hulu - fix later/Season 5/15_Bender Should Not be Allowed on Television.mp4","tmdb_id":null,"confidence":0,"reason":"no TMDB candidates"}
{"at":"2026-09-16T17:33:21Z","path":"Futurama/From Hulu - fix later/Season 5/14_Obsoletely Fabulous.mp4","tmdb_id":null,"confidence":0,"reason":"no TMDB candidates"}
{"at":"2026-09-16T17:33:21Z","path":"Futurama/From Hulu - fix later/Season 5/11_Three Hundred Big Boys.mp4","tmdb_id":null,"confidence":0,"reason":"no TMDB candidates"}
{"at":"2026-09-16T17:33:21Z","path":"Futurama/From Hulu - fix later/Season 5/04_A Taste of Freedom.mp4","tmdb_id":null,"confidence":0,"reason":"no TMDB candidates"}
{"at":"2026-09-16T17:33:22Z","path":"Futurama/From Hulu - fix later/Season 5/16_The Devil_s Hands Are Idle Playthings.mp4","tmdb_id":null,"confidence":0,"reason":"no TMDB candidates"}
{"at":"2026-09-16T17:33:22Z","path":"Futurama/From Hulu - fix later/Season 5/06_Less Than Hero.mp4","tmdb_id":null,"confidence":0,"reason":"no TMDB candidates"}
{"at":"2026-09-16T17:33:22Z","path":"Futurama/From Hulu - fix later/Season 5/02_Jurassic Bark.mp4","tmdb_id":null,"confidence":0,"reason":"no TMDB candidates"}
{"at":"2026-09-16T17:33:23Z","path":"Futurama/From Hulu - fix later/Season 5/01_Crimes of the Hot.mp4","tmdb_id":null,"confidence":0,"reason":"no TMDB candidates"}
{"at":"2026-09-16T17:33:23Z","path":"Futurama/From Hulu - fix later/Season 5/09_The Sting.mp4","tmdb_id":null,"confidence":0,"reason":"no TMDB candidates"}
{"at":"2026-09-16T17:33:23Z","path":"Futurama/From Hulu - fix later/Season 5/12_Spanish Fry.mp4","tmdb_id":null,"confidence":0,"reason":"no TMDB candidates"}
{"at":"2026-09-16T17:33:24Z","path":"Futurama/From Hulu - fix later/Season 4/12_Where No Fan Has Gone Before.mp4","tmdb_id":null,"confidence":0,"reason":"no TMDB candidates"}
{"at":"2026-09-16T17:33:24Z","path":"Futurama/From Hulu - fix later/Season 4/04_Love & Rocket.mp4","tmdb_id":null,"confidence":0,"reason":"no TMDB candidates"}
{"at":"2026-09-16T17:33:24Z","path":"Futurama/From Hulu - fix later/Season 4/05_Leela_s Homeworld.mp4","tmdb_id":null,"confidence":0,"reason":"no TMDB candidates"}
{"at":"2026-09-16T17:33:25Z","path":"Futurama/From Hulu - fix later/Season 4/05 A Taste of Freedom.mp4","tmdb_id":null,"confidence":0,"reason":"no TMDB candidates"}
{"at":"2026-09-16T17:33:25Z","path":"Futurama/From Hulu - fix later/Season 3/11 Insane in the Mainframe.mp4","tmdb_id":null,"confidence":0,"reason":"no TMDB candidates"}
{"at":"2026-09-16T17:33:26Z","path":"Futurama/From Hulu - fix later/Season 3/19 Roswell That Ends Well.mp4","tmdb_id":null,"confidence":0,"reason":"no TMDB candidates"}
{"at":"2026-09-16T17:33:26Z","path":"Futurama/From Hulu - fix later/Season 3/06 Bendless Love.mp4","tmdb_id":null,"confidence":0,"reason":"no TMDB candidates"}
{"at":"2026-09-16T17:33:26Z","path":"Futurama/From Hulu - fix later/Season 3/02 Parasites Lost.mp4","tmdb_id":null,"confidence":0,"reason":"no TMDB candidates"}
{"at":"2026-09-16T17:33:27Z","path":"Futurama/From Hulu - fix later/Season 3/17 A Pharoah to Remember.mp4","tmdb_id":null,"confidence":0,"reason":"no TMDB candidates"}
{"at":"2026-09-16T17:33:27Z","path":"Futurama/From Hulu - fix later/Season 3/04 The Luck of the Fryrish.mp4","tmdb_id":null,"confidence":0,"reason":"no TMDB candidates"}
{"at":"2026-09-16T17:33:27Z","path":"Futurama/From Hulu - fix later/Season 3/18 Anthology of Interest II.mp4","tmdb_id":null,"confidence":0,"reason":"no TMDB candidates"}
{"at":"2026-09-16T17:33:28Z","path":"Futurama/From Hulu - fix later/Season 3/09 The Cyber House Rules.mp4","tmdb_id":null,"confidence":0,"reason":"no TMDB candidates"}
{"at":"2026-09-16T17:33:28Z","path":"Futurama/From Hulu - fix later/Season 3/21 Future Stock.mp4","tmdb_id":null,"confidence":0,"reason":"no TMDB candidates"}
{"at":"2026-09-16T17:33:28Z","path":"Futurama/From Hulu - fix later/Season 3/05 The Birdbot of Ice-catraz.mp4","tmdb_id":null,"confidence":0,"reason":"no TMDB candidates"}
{"at":"2026-09-16T17:33:29Z","path":"Futurama/From Hulu - fix later/Season 3/07 The Day the Earth Stood Stupid.mp4","tmdb_id":null,"confidence":0,"reason":"no TMDB candidates"}
{"at":"2026-09-16T17:33:29Z","path":"Futurama/From Hulu - fix later/Season 3/22 The 30% Iron Chef.mp4","tmdb_id":null,"confidence":0,"reason":"no TMDB candidates"}
{"at":"2026-09-16T17:33:30Z","path":"Futurama/From Hulu - fix later/Season 3/14 Time Keeps On Slipping.mp4","tmdb_id":null,"confidence":0,"reason":"no TMDB candidates"}
{"at":"2026-09-16T17:33:30Z","path":"Futurama/From Hulu - fix later/Season 3/13 Bendin in the Wind.mp4","tmdb_id":null,"confidence":0,"reason":"no TMDB candidates"}
{"at":"2026-09-16T17:33:30Z","path":"Futurama/From Hulu - fix later/Season 3/08 That's Lobstertainment.mp4","tmdb_id":null,"confidence":0,"reason":"no TMDB candidates"}
{"at":"2026-09-16T17:33:31Z","path":"Futurama/From Hulu - fix later/Season 3/16 A Leela of Her Own.mp4","tmdb_id":null,"confidence":0,"reason":"no TMDB candidates"}
{"at":"2026-09-16T17:33:31Z","path":"Futurama/From Hulu - fix later/Season 3/03 A Tale of Two Santas.mp4","tmdb_id":null,"confidence":0,"reason":"no TMDB candidates"}
{"at":"2026-09-16T17:33:31Z","path":"Futurama/From Hulu - fix later/Season 3/12 The Route of All Evil.mp4","tmdb_id":null,"confidence":0,"reason":"no TMDB candidates"}
{"at":"2026-09-16T17:33:32Z","path":"Futurama/From Hulu - fix later/Season 3/10 Where the Buggalo Roam.mp4","tmdb_id":null,"confidence":0,"reason":"no TMDB candidates"}
{"at":"2026-09-16T17:33:32Z","path":"Futurama/From Hulu - fix later/Season 3/01 Amazon Women in the Mood.mp4","tmdb_id":null,"confidence":0,"reason":"no TMDB candidates"}
{"at":"2026-09-16T17:33:32Z","path":"Futurama/From Hulu - fix later/Season 3/15 I Dated a Robot.mp4","tmdb_id":null,"confidence":0,"reason":"no TMDB candidates"}
{"at":"2026-09-16T17:33:33Z","path":"Futurama/From Hulu - fix later/Season 3/20 Godfellas.mp4","tmdb_id":null,"confidence":0,"reason":"no TMDB candidates"}
{"at":"2026-09-16T17:33:45Z","path":"Ghost In The Shell/S.A.C. 2045/Season 1/Ghost in the Shell_ SAC_2045_S01E07_PIE IN THE SKY - First Bank Robbery.mp4","tmdb_id":null,"confidence":0,"reason":"no matching candidate"}
{"at":"2026-09-16T17:33:45Z","path":"Ghost In The Shell/S.A.C. 2045/Season 1/Ghost in the Shell_ SAC_2045_S01E04_SACRIFICIAL PAWN - Emissary from the Divide.mp4","tmdb_id":null,"confidence":0,"reason":"no matching candidate"}
{"at":"2026-09-16T17:33:45Z","path":"Ghost In The Shell/S.A.C. 2045/Season 1/Ghost in the Shell_ SAC_2045_S01E05_PATRICK HUGE - Gift from God.mp4","tmdb_id":null,"confidence":0,"reason":"no matching candidate"}
{"at":"2026-09-16T17:33:45Z","path":"Ghost In The Shell/S.A.C. 2045/Season 1/Ghost in the Shell_ SAC_2045_S01E09_IDENTITY THEFT - The Lonely Struggle.mp4","tmdb_id":null,"confidence":0,"reason":"no matching candidate"}
{"at":"2026-09-16T17:33:45Z","path":"Ghost In The Shell/S.A.C. 2045/Season 1/Ghost in the Shell_ SAC_2045_S01E01_NO NOISE NO LIFE - Sustainable War.mp4","tmdb_id":null,"confidence":0,"reason":"no matching candidate"}
{"at":"2026-09-16T17:33:45Z","path":"Ghost In The Shell/S.A.C. 2045/Season 1/Ghost in the Shell_ SAC_2045_S01E08_ASSEMBLE - What Came About as a Result of Togusa’s Death.mp4","tmdb_id":null,"confidence":0,"reason":"no matching candidate"}
{"at":"2026-09-16T17:33:45Z","path":"Ghost In The Shell/S.A.C. 2045/Season 1/Ghost in the Shell_ SAC_2045_S01E02_AT YOUR OWN RISK - Divided by a Wall.mp4","tmdb_id":null,"confidence":0,"reason":"no matching candidate"}
{"at":"2026-09-16T17:33:45Z","path":"Ghost In The Shell/S.A.C. 2045/Season 1/Ghost in the Shell_ SAC_2045_S01E06_DISCLOSURE - Quantized Gospel.mp4","tmdb_id":null,"confidence":0,"reason":"no matching candidate"}
{"at":"2026-09-16T17:33:45Z","path":"Ghost In The Shell/S.A.C. 2045/Season 1/Ghost in the Shell_ SAC_2045_S01E03_MAVERICK - MIA.mp4","tmdb_id":null,"confidence":0,"reason":"no matching candidate"}
{"at":"2026-09-16T17:33:45Z","path":"Ghost In The Shell/S.A.C. 2045/Season 1/Ghost in the Shell_ SAC_2045_S01E10_NET PEOPLE - Reasons Leading to Flameout.mp4","tmdb_id":null,"confidence":0,"reason":"no matching candidate"}
{"at":"2026-09-16T17:33:45Z","path":"Ghost In The Shell/S.A.C. 2045/Season 2/09_LAST RESORT _ A Long Slumber.mp4","tmdb_id":null,"confidence":0,"reason":"no matching candidate"}
{"at":"2026-09-16T17:33:45Z","path":"Ghost In The Shell/S.A.C. 2045/Season 2/01_DOMINO EFFECT _ Silly Kukushkin.mp4","tmdb_id":null,"confidence":0,"reason":"no matching candidate"}
{"at":"2026-09-16T17:33:45Z","path":"Ghost In The Shell/S.A.C. 2045/Season 2/06_N-POWER _ How to Build an Independent Nation.mp4","tmdb_id":null,"confidence":0,"reason":"no matching candidate"}
{"at":"2026-09-16T17:33:45Z","path":"Ghost In The Shell/S.A.C. 2045/Season 2/05_ROOM 101 _ Man_s Search for Meaning.mp4","tmdb_id":null,"confidence":0,"reason":"no matching candidate"}
{"at":"2026-09-16T17:33:50Z","path":"MXC/AmusementParks_vs_Hookers.mkv","tmdb_id":null,"confidence":0,"reason":"no TMDB candidates"}
{"at":"2026-09-16T17:33:50Z","path":"MXC/AnimalLovers_vs_RealityTV.mkv","tmdb_id":null,"confidence":0,"reason":"no TMDB candidates"}
{"at":"2026-09-16T17:33:50Z","path":"MXC/Art_vs_Insurance.mkv","tmdb_id":null,"confidence":0,"reason":"no TMDB candidates"}
{"at":"2026-09-16T17:33:51Z","path":"MXC/BabyIndustry_vs_Paranormal.mkv","tmdb_id":null,"confidence":0,"reason":"no TMDB candidates"}
{"at":"2026-09-16T17:33:51Z","path":"MXC/BeautyPageants_vs_MilitaryPersonel.mkv","tmdb_id":null,"confidence":0,"reason":"no TMDB candidates"}
{"at":"2026-09-16T17:33:52Z","path":"MXC/CableWorkers_vs_WhiteHouseEmployees.mkv","tmdb_id":null,"confidence":0,"reason":"no TMDB candidates"}
{"at":"2026-09-16T17:33:52Z","path":"MXC/CelebrityJustice_vs_TVMotorSports.mkv","tmdb_id":null,"confidence":0,"reason":"no TMDB candidates"}
{"at":"2026-09-16T17:33:52Z","path":"MXC/Circus_vs_Airlines.mkv","tmdb_id":null,"confidence":0,"reason":"no TMDB candidates"}
{"at":"2026-09-16T17:33:53Z","path":"MXC/College_Girls.mkv","tmdb_id":null,"confidence":0,"reason":"no TMDB candidates"}
{"at":"2026-09-16T17:33:53Z","path":"MXC/ComicBookIndustry_vs_Hygiene.m4v","tmdb_id":null,"confidence":0,"reason":"no TMDB candidates"}
{"at":"2026-09-16T17:33:53Z","path":"MXC/Cops_vs_Cons.mkv","tmdb_id":null,"confidence":0,"reason":"no TMDB candidates"}
{"at":"2026-09-16T17:33:54Z","path":"MXC/CountryKids_vs_CityKids.mkv","tmdb_id":null,"confidence":0,"reason":"no TMDB candidates"}
{"at":"2026-09-16T17:33:54Z","path":"MXC/CountryMusicians_vs_JamesBond.mkv","tmdb_id":null,"confidence":0,"reason":"no TMDB candidates"}
{"at":"2026-09-16T17:33:54Z","path":"MXC/Courts_vs_RodeoIndustry.m4v","tmdb_id":null,"confidence":0,"reason":"no TMDB candidates"}
{"at":"2026-09-16T17:33:55Z","path":"MXC/CSI_vs_KidsEntertainment.mkv","tmdb_id":null,"confidence":0,"reason":"no TMDB candidates"}
{"at":"2026-09-16T17:33:55Z","path":"MXC/DairyWorkers_vs_AutoWorkers.mkv","tmdb_id":null,"confidence":0,"reason":"no TMDB candidates"}
{"at":"2026-09-16T17:33:56Z","path":"MXC/Dentists_vs_Explorers.mkv","tmdb_id":null,"confidence":0,"reason":"no TMDB candidates"}
{"at":"2026-09-16T17:33:59Z","path":"Ghost In The Shell/S.A.C. 2045/Season 2/02_CLOSE CALL _ I_ve Awoken.mp4","tmdb_id":null,"confidence":0,"reason":"no matching candidate for Ghost in the Shell S.A.C. 2045"}
{"at":"2026-09-16T17:33:59Z","path":"Ghost In The Shell/S.A.C. 2045/Season 2/10_OPERATION STANDOFF _ The Battle Begins.mp4","tmdb_id":null,"confidence":0,"reason":"no matching candidate for Ghost in the Shell S.A.C. 2045"}
{"at":"2026-09-16T17:33:59Z","path":"Ghost In The Shell/S.A.C. 2045/Season 2/11_DOOMSDAY _ The Moon over the Ruined Castle.mp4","tmdb_id":null,"confidence":0,"reason":"no matching candidate for Ghost in the Shell S.A.C. 2045"}
{"at":"2026-09-16T17:33:59Z","path":"Ghost In The Shell/S.A.C. 2045/Season 2/07_TRUTH POINT OF CONTACT _ Bridge of Promise.mp4","tmdb_id":null,"confidence":0,"reason":"no matching candidate for Ghost in the Shell S.A.C. 2045"}
{"at":"2026-09-16T17:33:59Z","path":"Ghost In The Shell/S.A.C. 2045/Season 2/12_DOUBLE THINK _ Event Boundary.mp4","tmdb_id":null,"confidence":0,"reason":"no matching candidate for Ghost in the Shell S.A.C. 2045"}
{"at":"2026-09-16T17:33:59Z","path":"Ghost In The Shell/S.A.C. 2045/Season 2/08_DEMI DEUS _ Those Who Evolve Toward Divinity.mp4","tmdb_id":null,"confidence":0,"reason":"no matching candidate for Ghost in the Shell S.A.C. 2045"}
{"at":"2026-09-16T17:33:59Z","path":"Ghost In The Shell/S.A.C. 2045/Season 2/04_MEMORIES _ Born in Heaven.mp4","tmdb_id":null,"confidence":0,"reason":"no matching candidate for Ghost in the Shell S.A.C. 2045"}
{"at":"2026-09-16T17:33:59Z","path":"Ghost In The Shell/S.A.C. 2045/Season 2/03_FACTOR _ 1A84.mp4","tmdb_id":null,"confidence":0,"reason":"no matching candidate for Ghost in the Shell S.A.C. 2045"}
{"at":"2026-09-16T17:34:00Z","path":"MXC/DesperateHousewives_vs_UFCFighters.mkv","tmdb_id":null,"confidence":0,"reason":"no TMDB candidates"}
{"at":"2026-09-16T17:34:00Z","path":"MXC/Donors_vs_Addicts.mkv","tmdb_id":null,"confidence":0,"reason":"no TMDB candidates"}
{"at":"2026-09-16T17:34:01Z","path":"MXC/EntertainmentMedia_vs_Unions.mkv","tmdb_id":null,"confidence":0,"reason":"no TMDB candidates"}
{"at":"2026-09-16T17:34:01Z","path":"MXC/Entrepraneurs_vs_Hoteliers.mkv","tmdb_id":null,"confidence":0,"reason":"no TMDB candidates"}
{"at":"2026-09-16T17:34:01Z","path":"MXC/Fashion_vs_Religion.mkv","tmdb_id":null,"confidence":0,"reason":"no TMDB candidates"}
{"at":"2026-09-16T17:34:02Z","path":"MXC/FastFood_vs_Aerospace - Winter Show.mkv","tmdb_id":null,"confidence":0,"reason":"no TMDB candidates"}
{"at":"2026-09-16T17:34:02Z","path":"MXC/Film_vs_Phobias.mkv","tmdb_id":null,"confidence":0,"reason":"no TMDB candidates"}
{"at":"2026-09-16T17:34:02Z","path":"MXC/FinancialIndustry_vs_AlcoholIndustry.mkv","tmdb_id":null,"confidence":0,"reason":"no TMDB candidates"}
{"at":"2026-09-16T17:34:03Z","path":"MXC/FoodService_vs_Hobbyists.mkv","tmdb_id":null,"confidence":0,"reason":"no TMDB candidates"}
{"at":"2026-09-16T17:34:03Z","path":"MXC/Footwear_vs_ElectronicGames.mkv","tmdb_id":null,"confidence":0,"reason":"no TMDB candidates"}
{"at":"2026-09-16T17:34:03Z","path":"MXC/Former_Olympians.mkv","tmdb_id":null,"confidence":0,"reason":"no TMDB candidates"}
{"at":"2026-09-16T17:34:04Z","path":"MXC/Gambling_vs_MedicalPros.mkv","tmdb_id":null,"confidence":0,"reason":"no TMDB candidates"}
{"at":"2026-09-16T17:34:04Z","path":"MXC/GiftIndustry_vs_DeathIndustry.mkv","tmdb_id":null,"confidence":0,"reason":"no TMDB candidates"}
{"at":"2026-09-16T17:34:04Z","path":"MXC/HasBeens_vs_Millionaires.mkv","tmdb_id":null,"confidence":0,"reason":"no TMDB candidates"}
{"at":"2026-09-16T17:34:05Z","path":"MXC/HipHop_vs_HorrorMovies.mkv","tmdb_id":null,"confidence":0,"reason":"no TMDB candidates"}
{"at":"2026-09-16T17:34:05Z","path":"MXC/HiTech_vs_CivilServants.mkv","tmdb_id":null,"confidence":0,"reason":"no TMDB candidates"}
{"at":"2026-09-16T17:34:05Z","path":"MXC/Inventors_vs_ChildActors.mkv","tmdb_id":null,"confidence":0,"reason":"no TMDB candidates"}
{"at":"2026-09-16T17:34:06Z","path":"MXC/JiltedWives_vs_CheatingHusbands.mkv","tmdb_id":null,"confidence":0,"reason":"no TMDB candidates"}
{"at":"2026-09-16T17:34:06Z","path":"MXC/LasVegas_vs_SesameStreet.mkv","tmdb_id":null,"confidence":0,"reason":"no TMDB candidates"}
{"at":"2026-09-16T17:34:07Z","path":"MXC/LumberIndustry_vs_BroadcastNews.m4v","tmdb_id":null,"confidence":0,"reason":"no TMDB candidates"}
{"at":"2026-09-16T17:34:07Z","path":"MXC/Mafia_vs_VideoGamers.mkv","tmdb_id":null,"confidence":0,"reason":"no TMDB candidates"}
{"at":"2026-09-16T17:34:07Z","path":"MXC/Malcontents_vs_BakedGoods.mkv","tmdb_id":null,"confidence":0,"reason":"no TMDB candidates"}
{"at":"2026-09-16T17:34:08Z","path":"MXC/MallWorkers_vs_TelephoneIndustry.mkv","tmdb_id":null,"confidence":0,"reason":"no TMDB candidates"}
{"at":"2026-09-16T17:34:08Z","path":"MXC/MeatHandlers_vs_CartoonVoices.mkv","tmdb_id":null,"confidence":0,"reason":"no TMDB candidates"}
{"at":"2026-09-16T17:34:08Z","path":"MXC/NASCAR_vs_BoxOfficeBombs.mkv","tmdb_id":null,"confidence":0,"reason":"no TMDB candidates"}
{"at":"2026-09-16T17:34:09Z","path":"MXC/OilIndustry_vs_MakeOverIndustry.mkv","tmdb_id":null,"confidence":0,"reason":"no TMDB candidates"}
{"at":"2026-09-16T17:34:09Z","path":"MXC/OrganizedCrime_vs_WeightLossIndustry.mkv","tmdb_id":null,"confidence":0,"reason":"no TMDB candidates"}
{"at":"2026-09-16T17:34:09Z","path":"MXC/Outdoorsmen_vs_Educators.mkv","tmdb_id":null,"confidence":0,"reason":"no TMDB candidates"}
{"at":"2026-09-16T17:34:10Z","path":"MXC/PhysicalFitness_vs_MagicIndustry.m4v","tmdb_id":null,"confidence":0,"reason":"no TMDB candidates"}
{"at":"2026-09-16T17:34:10Z","path":"MXC/Pornstars_vs_HomeImprovement.mkv","tmdb_id":null,"confidence":0,"reason":"no TMDB candidates"}
{"at":"2026-09-16T17:34:10Z","path":"MXC/PostalService_vs_MotorSports.m4v","tmdb_id":null,"confidence":0,"reason":"no TMDB candidates"}
{"at":"2026-09-16T17:34:11Z","path":"MXC/ProAthletes_vs_SuperModels.mkv","tmdb_id":null,"confidence":0,"reason":"no TMDB candidates"}
{"at":"2026-09-16T17:34:11Z","path":"MXC/ProWrestling.mkv","tmdb_id":null,"confidence":0,"reason":"no TMDB candidates"}
{"at":"2026-09-16T17:34:11Z","path":"MXC/Republicans_vs_Democrats_vs_3rdParty.mkv","tmdb_id":null,"confidence":0,"reason":"no TMDB candidates"}
{"at":"2026-09-16T17:34:12Z","path":"MXC/Romance_vs_Firearms.mkv","tmdb_id":null,"confidence":0,"reason":"no TMDB candidates"}
{"at":"2026-09-16T17:34:12Z","path":"MXC/SeafoodIndustry_vs_HighSociety.mkv","tmdb_id":null,"confidence":0,"reason":"no TMDB candidates"}
{"at":"2026-09-16T17:34:13Z","path":"MXC/SnackFood_vs_PrintMedia.mkv","tmdb_id":null,"confidence":0,"reason":"no TMDB candidates"}
{"at":"2026-09-16T17:34:13Z","path":"MXC/SportsWomen_vs_BusinessWomen.m4v","tmdb_id":null,"confidence":0,"reason":"no TMDB candidates"}
{"at":"2026-09-16T17:34:13Z","path":"MXC/The Couples Show.mkv","tmdb_id":null,"confidence":0,"reason":"no TMDB candidates"}
{"at":"2026-09-16T17:34:14Z","path":"MXC/The Master Debaters.mkv","tmdb_id":null,"confidence":0,"reason":"no TMDB candidates"}
{"at":"2026-09-16T17:34:14Z","path":"MXC/The Monster Edition.mkv","tmdb_id":null,"confidence":0,"reason":"no TMDB candidates"}
{"at":"2026-09-16T17:34:14Z","path":"MXC/ToughGuys_vs_ChickFlicks.mkv","tmdb_id":null,"confidence":0,"reason":"no TMDB candidates"}
{"at":"2026-09-16T17:34:15Z","path":"MXC/ToyAndGames_vs_ClericalWorkers.mkv","tmdb_id":null,"confidence":0,"reason":"no TMDB candidates"}
{"at":"2026-09-16T17:34:15Z","path":"MXC/Unemployed_vs_Environmentalists.mkv","tmdb_id":null,"confidence":0,"reason":"no TMDB candidates"}
{"at":"2026-09-16T17:34:15Z","path":"MXC/WackPack_vs_HollywoodRehabers.mkv","tmdb_id":null,"confidence":0,"reason":"no TMDB candidates"}
{"at":"2026-09-16T17:34:16Z","path":"MXC/WasteIndustry_vs_Advertising.mkv","tmdb_id":null,"confidence":0,"reason":"no TMDB candidates"}
{"at":"2026-09-16T17:34:16Z","path":"MXC/WeddingIndustry_vs_TruckingIndustry.mkv","tmdb_id":null,"confidence":0,"reason":"no TMDB candidates"}
{"at":"2026-09-16T17:34:17Z","path":"MXC/WhiteCollar_vs_BlueCollar.m4v","tmdb_id":null,"confidence":0,"reason":"no TMDB candidates"}
{"at":"2026-09-16T17:34:17Z","path":"MXC/Season 1/05_The Couples Show.mp4","tmdb_id":null,"confidence":0,"reason":"no TMDB candidates"}
{"at":"2026-09-16T17:34:17Z","path":"MXC/Season 1/07_College Girls.mp4","tmdb_id":null,"confidence":0,"reason":"no TMDB candidates"}
{"at":"2026-09-16T17:34:18Z","path":"MXC/Season 1/01_Meat Handlers vs Cartoon Voice Actors.mp4","tmdb_id":null,"confidence":0,"reason":"no TMDB candidates"}
{"at":"2026-09-16T17:34:18Z","path":"MXC/Season 1/02_Donors vs Addicts.mp4","tmdb_id":null,"confidence":0,"reason":"no TMDB candidates"}
{"at":"2026-09-16T17:34:18Z","path":"MXC/Season 1/03_Dairy Workers vs Automobile Workers (AKA Cows vs Cars).mp4","tmdb_id":null,"confidence":0,"reason":"no TMDB candidates"}
{"at":"2026-09-16T17:34:19Z","path":"MXC/Season 1/04_Cops vs Cons.mp4","tmdb_id":null,"confidence":0,"reason":"no TMDB candidates"}
{"at":"2026-09-16T17:34:19Z","path":"MXC/Season 1/06_Inventors vs Ex-Child Actors.mp4","tmdb_id":null,"confidence":0,"reason":"no TMDB candidates"}
{"at":"2026-09-16T17:34:19Z","path":"MXC/Season 1/09_Circus vs Airlines.mp4","tmdb_id":null,"confidence":0,"reason":"no TMDB candidates"}
{"at":"2026-09-16T17:34:20Z","path":"MXC/Season 1/12_Adult Entertinment vs Home Improvement (AKA Porn vs Construction).mp4","tmdb_id":null,"confidence":0,"reason":"no TMDB candidates"}
{"at":"2026-09-16T17:34:20Z","path":"MXC/Season 1/13_Gambling Industry vs Medical Professionals.mp4","tmdb_id":null,"confidence":0,"reason":"no TMDB candidates"}
{"at":"2026-09-16T17:34:21Z","path":"MXC/Season 1/11_Fashion vs Religion.mp4","tmdb_id":null,"confidence":0,"reason":"no TMDB candidates"}
{"at":"2026-09-16T17:34:21Z","path":"MXC/Season 1/10_Physical Fitness vs Music Industry.mp4","tmdb_id":null,"confidence":0,"reason":"no TMDB candidates"}
{"at":"2026-09-16T17:34:21Z","path":"MXC/Season 1/08_Outdoorsmen vs Educators.mp4","tmdb_id":null,"confidence":0,"reason":"no TMDB candidates"}
{"at":"2026-09-16T17:34:22Z","path":"MXC/Season 2/08_Former Olympians.mp4","tmdb_id":null,"confidence":0,"reason":"no TMDB candidates"}
{"at":"2026-09-16T17:34:22Z","path":"MXC/Season 2/01_Food Service vs Hobbyists.mp4","tmdb_id":null,"confidence":0,"reason":"no TMDB candidates"}
{"at":"2026-09-16T17:34:22Z","path":"MXC/Season 2/02_Hi-Tech vs Civil Service.mp4","tmdb_id":null,"confidence":0,"reason":"no TMDB candidates"}
{"at":"2026-09-16T17:34:23Z","path":"MXC/Season 2/03_Cable TV Workers vs White House Employees.mp4","tmdb_id":null,"confidence":0,"reason":"no TMDB candidates"}
{"at":"2026-09-16T17:34:23Z","path":"MXC/Season 2/04_Reality TV vs Animal Lovers.mp4","tmdb_id":null,"confidence":0,"reason":"no TMDB candidates"}
{"at":"2026-09-16T17:34:23Z","path":"MXC/Season 2/05_Toys and Games vs Office Workers.mp4","tmdb_id":null,"confidence":0,"reason":"no TMDB candidates"}
{"at":"2026-09-16T17:34:24Z","path":"MXC/Season 2/06_Beauty Pageants vs Military Personnel.mp4","tmdb_id":null,"confidence":0,"reason":"no TMDB candidates"}
{"at":"2026-09-16T17:34:24Z","path":"MXC/Season 2/07_Entrepreneurs vs Hotel Staff.mp4","tmdb_id":null,"confidence":0,"reason":"no TMDB candidates"}
{"at":"2026-09-16T17:34:24Z","path":"MXC/Season 2/09_Entertainment Media vs Unions.mp4","tmdb_id":null,"confidence":0,"reason":"no TMDB candidates"}
{"at":"2026-09-16T17:34:25Z","path":"MXC/Season 2/10_Wedding Industry vs Trucking Industry.mp4","tmdb_id":null,"confidence":0,"reason":"no TMDB candidates"}
{"at":"2026-09-16T17:34:25Z","path":"MXC/Season 2/11_Financial Industry vs Alcohol Industry.mp4","tmdb_id":null,"confidence":0,"reason":"no TMDB candidates"}
{"at":"2026-09-16T17:34:26Z","path":"MXC/Season 2/12_Fast Food vs Aerospace (AKA-The Winter Show).mp4","tmdb_id":null,"confidence":0,"reason":"no TMDB candidates"}
{"at":"2026-09-16T17:34:26Z","path":"MXC/Season 3/01_Republicans vs Democrats vs Third Party.mp4","tmdb_id":null,"confidence":0,"reason":"no TMDB candidates"}
{"at":"2026-09-16T17:34:26Z","path":"MXC/Season 3/02_Unemployed vs Environmentalists.mp4","tmdb_id":null,"confidence":0,"reason":"no TMDB candidates"}
{"at":"2026-09-16T17:34:27Z","path":"MXC/Season 3/03_Snack Food Industry vs Print Media.mp4","tmdb_id":null,"confidence":0,"reason":"no TMDB candidates"}
{"at":"2026-09-16T17:34:27Z","path":"MXC/Season 3/04_Baby Products Industry vs Paranormal.mp4","tmdb_id":null,"confidence":0,"reason":"no TMDB candidates"}
{"at":"2026-09-16T17:34:27Z","path":"MXC/Season 3/05_Adventurers and Explorers vs Dental Industry.mp4","tmdb_id":null,"confidence":0,"reason":"no TMDB candidates"}
{"at":"2026-09-16T17:34:28Z","path":"MXC/Season 3/06_Country Kids vs City Kids.mp4","tmdb_id":null,"confidence":0,"reason":"no TMDB candidates"}
{"at":"2026-09-16T17:34:28Z","path":"MXC/Season 3/07_Organized Crime vs Weight Loss Industry.mp4","tmdb_id":null,"confidence":0,"reason":"no TMDB candidates"}
{"at":"2026-09-16T17:34:28Z","path":"MXC/Season 3/08_Novelty_Gift Industry vs The Death Industry.mp4","tmdb_id":null,"confidence":0,"reason":"no TMDB candidates"}
{"at":"2026-09-16T17:34:29Z","path":"MXC/Season 3/09_The Amusement Park Industry vs The World_s Oldest Profession.mp4","tmdb_id":null,"confidence":0,"reason":"no TMDB candidates"}
{"at":"2026-09-16T17:34:29Z","path":"MXC/Season 3/10_Oil Industry vs Make-Over Industry.mp4","tmdb_id":null,"confidence":0,"reason":"no TMDB candidates"}
{"at":"2026-09-16T17:34:29Z","path":"MXC/Season 3/11_Film Industry vs Phobias.mp4","tmdb_id":null,"confidence":0,"reason":"no TMDB candidates"}
{"at":"2026-09-16T17:34:30Z","path":"MXC/Season 3/12_Romance Industry vs Firearm Industry.mp4","tmdb_id":null,"confidence":0,"reason":"no TMDB candidates"}
{"at":"2026-09-16T17:34:30Z","path":"MXC/Season 3/13_Footwear Industry vs Electronic Gaming.mp4","tmdb_id":null,"confidence":0,"reason":"no TMDB candidates"}
{"at":"2026-09-16T17:34:30Z","path":"MXC/Season 3/14_Waste Management vs Advertising.mp4","tmdb_id":null,"confidence":0,"reason":"no TMDB candidates"}
{"at":"2026-09-16T17:34:31Z","path":"MXC/Season 3/15_Malcontents vs Baked Goods.mp4","tmdb_id":null,"confidence":0,"reason":"no TMDB candidates"}
{"at":"2026-09-16T17:34:31Z","path":"MXC/Season 3/16_CSI_Forensics vs Children_s Entertainment.mp4","tmdb_id":null,"confidence":0,"reason":"no TMDB candidates"}
{"at":"2026-09-16T17:34:32Z","path":"MXC/Season 3/17_Mall Workers vs Telephone Industry.mp4","tmdb_id":null,"confidence":0,"reason":"no TMDB candidates"}
{"at":"2026-09-16T17:34:32Z","path":"MXC/Season 3/18_Art World vs Insurance Industry.mp4","tmdb_id":null,"confidence":0,"reason":"no TMDB candidates"}
{"at":"2026-09-16T17:34:32Z","path":"MXC/Season 3/19_Seafood Industry vs High Society.mp4","tmdb_id":null,"confidence":0,"reason":"no TMDB candidates"}
{"at":"2026-09-16T17:34:33Z","path":"MXC/Season 3/20_Lumber Industry vs Broadcast News.mp4","tmdb_id":null,"confidence":0,"reason":"no TMDB candidates"}
{"at":"2026-09-16T17:34:33Z","path":"MXC/Season 3/21_Postal Industry vs Motor Sports.mp4","tmdb_id":null,"confidence":0,"reason":"no TMDB candidates"}
{"at":"2026-09-16T17:34:34Z","path":"MXC/Season 3/22_The Master Debaters - Kerry_Edwards Supporters vs Bush_Cheney Supporters.mp4","tmdb_id":null,"confidence":0,"reason":"no TMDB candidates"}
{"at":"2026-09-16T17:34:34Z","path":"MXC/Season 3/23_The Courtroom vs Rodeo Industry.mp4","tmdb_id":null,"confidence":0,"reason":"no TMDB candidates"}
{"at":"2026-09-16T17:34:34Z","path":"MXC/Season 3/24_Business Women vs Sports Women.mp4","tmdb_id":null,"confidence":0,"reason":"no TMDB candidates"}
{"at":"2026-09-16T17:34:35Z","path":"MXC/Season 3/25_Career Day_ White Collar vs Blue Collar.mp4","tmdb_id":null,"confidence":0,"reason":"no TMDB candidates"}
{"at":"2026-09-16T17:34:35Z","path":"MXC/Season 3/26_Comic Book Industry vs Personal Hygiene.mp4","tmdb_id":null,"confidence":0,"reason":"no TMDB candidates"}
{"at":"2026-09-16T17:34:35Z","path":"MXC/Season 4/01_Desperate Housewives vs Ultimate Fighters.mp4","tmdb_id":null,"confidence":0,"reason":"no TMDB candidates"}
{"at":"2026-09-16T17:34:36Z","path":"MXC/Season 4/02_Jilted Wives vs Cheating Husbands.mp4","tmdb_id":null,"confidence":0,"reason":"no TMDB candidates"}
{"at":"2026-09-16T17:34:36Z","path":"MXC/Season 4/03_Total Nonstop Wrestling vs World Wrestling.mp4","tmdb_id":null,"confidence":0,"reason":"no TMDB candidates"}
{"at":"2026-09-16T17:34:37Z","path":"MXC/Season 4/04_Real Mafia vs Video Game Industry.mp4","tmdb_id":null,"confidence":0,"reason":"no TMDB candidates"}
{"at":"2026-09-16T17:34:37Z","path":"MXC/Season 4/05_Wack Pack vs Hollywood Rehabbers.mp4","tmdb_id":null,"confidence":0,"reason":"no TMDB candidates"}
{"at":"2026-09-16T17:34:38Z","path":"MXC/Season 4/06_Roid Ragers vs Supermodels.mp4","tmdb_id":null,"confidence":0,"reason":"no TMDB candidates"}
{"at":"2026-09-16T17:34:38Z","path":"MXC/Season 4/07_Celebrity Justice vs TV Sports Shows.mp4","tmdb_id":null,"confidence":0,"reason":"no TMDB candidates"}
{"at":"2026-09-16T17:34:38Z","path":"MXC/Season 4/08_Country Music Superstars vs The World of James Bond.mp4","tmdb_id":null,"confidence":0,"reason":"no TMDB candidates"}
{"at":"2026-09-16T17:34:39Z","path":"MXC/Season 4/09_The World of Hip Hop vs Hollywood Movies.mp4","tmdb_id":null,"confidence":0,"reason":"no TMDB candidates"}
{"at":"2026-09-16T17:34:39Z","path":"MXC/Season 4/10_Mega-Millionaires vs Where Are They Now.mp4","tmdb_id":null,"confidence":0,"reason":"no TMDB candidates"}
{"at":"2026-09-16T17:34:39Z","path":"MXC/Season 4/11_Chick Flicks vs Tough Guys_ It_s Schwarzeneggers versus Zellwegers.mp4","tmdb_id":null,"confidence":0,"reason":"no TMDB candidates"}
{"at":"2026-09-16T17:34:40Z","path":"MXC/Season 4/12_Las Vegas vs Sesame Street.mp4","tmdb_id":null,"confidence":0,"reason":"no TMDB candidates"}
{"at":"2026-09-16T17:34:40Z","path":"MXC/Season 4/13_Box Office Bombs vs NASCAR.mp4","tmdb_id":null,"confidence":0,"reason":"no TMDB candidates"}
{"at":"2026-09-16T17:34:41Z","path":"MXC/Season 5/13 College Sports vs Mall of Baghdad.mp4","tmdb_id":null,"confidence":0,"reason":"no TMDB candidates"}
{"at":"2026-09-16T17:34:41Z","path":"MXC/Season 5/12 People Who Piss Us Off vs Worst Jobs.mp4","tmdb_id":null,"confidence":0,"reason":"no TMDB candidates"}
{"at":"2026-09-16T17:34:41Z","path":"MXC/Season 5/01_Gay Rights vs Christian Rights.mp4","tmdb_id":null,"confidence":0,"reason":"no TMDB candidates"}
{"at":"2026-09-16T17:34:42Z","path":"MXC/Season 5/02_Superheroes vs MySpace.mp4","tmdb_id":null,"confidence":0,"reason":"no TMDB candidates"}
{"at":"2026-09-16T17:34:42Z","path":"MXC/Season 5/03_Stoners vs Health Nuts.mp4","tmdb_id":null,"confidence":0,"reason":"no TMDB candidates"}
{"at":"2026-09-16T17:34:43Z","path":"MXC/Season 5/04_V_G_A_D_D_ Awards (Gaming Industry vs Video Gamers).mp4","tmdb_id":null,"confidence":0,"reason":"no TMDB candidates"}
{"at":"2026-09-16T17:34:43Z","path":"MXC/Season 5/05_Sexual Pioneers vs The World of Violent Films.mp4","tmdb_id":null,"confidence":0,"reason":"no TMDB candidates"}
{"at":"2026-09-16T17:34:43Z","path":"MXC/Season 5/06_Chick Magnets vs Famous Felons.mp4","tmdb_id":null,"confidence":0,"reason":"no TMDB candidates"}
{"at":"2026-09-16T17:34:44Z","path":"MXC/Season 5/07_Jackass vs Stand-Up Comics.mp4","tmdb_id":null,"confidence":0,"reason":"no TMDB candidates"}
{"at":"2026-09-16T17:34:44Z","path":"MXC/Season 5/08_Young and Rich vs Men_s Magazines.mp4","tmdb_id":null,"confidence":0,"reason":"no TMDB candidates"}
{"at":"2026-09-16T17:34:44Z","path":"MXC/Season 5/09_Greenpeace vs Body Obsessed.mp4","tmdb_id":null,"confidence":0,"reason":"no TMDB candidates"}
{"at":"2026-09-16T17:34:45Z","path":"MXC/Season 5/10_The White House vs The World.mp4","tmdb_id":null,"confidence":0,"reason":"no TMDB candidates"}
{"at":"2026-09-16T17:34:45Z","path":"MXC/Season 5/11_Hot Chicks of Primetime vs Hot Celebrity Moms.mp4","tmdb_id":null,"confidence":0,"reason":"no TMDB candidates"}
{"at":"2026-09-16T17:35:02Z","path":"Person of Interest/Season 4/101 - 2014 Comic-Con Panel.mp4","tmdb_id":null,"confidence":0,"reason":"no matching TV series id in candidates"}
{"at":"2026-09-16T17:35:02Z","path":"Red Dwarf/Season 01/01 The End.m4v","tmdb_id":null,"confidence":0,"reason":"no matching TV series id in candidates"}
{"at":"2026-09-16T17:35:02Z","path":"Red Dwarf/Season 01/02 Future Echoes.m4v","tmdb_id":null,"confidence":0,"reason":"no matching TV series id in candidates"}
{"at":"2026-09-16T17:35:02Z","path":"Red Dwarf/Season 01/03 Balance of Power.m4v","tmdb_id":null,"confidence":0,"reason":"no matching TV series id in candidates"}
{"at":"2026-09-16T17:35:02Z","path":"Red Dwarf/Season 01/04 Waiting for God.m4v","tmdb_id":null,"confidence":0,"reason":"no matching TV series id in candidates"}
{"at":"2026-09-16T17:35:02Z","path":"Red Dwarf/Season 01/05 Confidence & Paranoia.m4v","tmdb_id":null,"confidence":0,"reason":"no matching TV series id in candidates"}
{"at":"2026-09-16T17:35:02Z","path":"Red Dwarf/Season 01/06 Me2.m4v","tmdb_id":null,"confidence":0,"reason":"no matching TV series id in candidates"}
{"at":"2026-09-16T17:35:02Z","path":"Red Dwarf/Season 02/01 Kryten.m4v","tmdb_id":null,"confidence":0,"reason":"no matching TV series id in candidates"}
{"at":"2026-09-16T17:35:02Z","path":"Red Dwarf/Season 02/02 Better Than Life.m4v","tmdb_id":null,"confidence":0,"reason":"no matching TV series id in candidates"}
{"at":"2026-09-16T17:35:02Z","path":"Red Dwarf/Season 02/03 Thanks For The Memory.m4v","tmdb_id":null,"confidence":0,"reason":"no matching TV series id in candidates"}
{"at":"2026-09-16T17:35:02Z","path":"Red Dwarf/Season 02/04 Statis Leak.m4v","tmdb_id":null,"confidence":0,"reason":"no matching TV series id in candidates"}
{"at":"2026-09-16T17:35:02Z","path":"Red Dwarf/Season 02/05 Queeg.m4v","tmdb_id":null,"confidence":0,"reason":"no matching TV series id in candidates"}
{"at":"2026-09-16T17:35:02Z","path":"Red Dwarf/Season 02/06 Parallel Universe.m4v","tmdb_id":null,"confidence":0,"reason":"no matching TV series id in candidates"}
{"at":"2026-09-16T17:35:02Z","path":"Red Dwarf/Season 03/01 Backwards.m4v","tmdb_id":null,"confidence":0,"reason":"no matching TV series id in candidates"}
{"at":"2026-09-16T17:35:02Z","path":"Red Dwarf/Season 03/02 Marooned.m4v","tmdb_id":null,"confidence":0,"reason":"no matching TV series id in candidates"}
{"at":"2026-09-16T17:35:02Z","path":"Red Dwarf/Season 03/03 Polymorph.m4v","tmdb_id":null,"confidence":0,"reason":"no matching TV series id in candidates"}
{"at":"2026-09-16T17:35:02Z","path":"Red Dwarf/Season 03/04 Bodyswap.m4v","tmdb_id":null,"confidence":0,"reason":"no matching TV series id in candidates"}
{"at":"2026-09-16T17:35:02Z","path":"Red Dwarf/Season 03/05 Timeslides.m4v","tmdb_id":null,"confidence":0,"reason":"no matching TV series id in candidates"}
{"at":"2026-09-16T17:35:02Z","path":"Red Dwarf/Season 03/06 The Last Day.m4v","tmdb_id":null,"confidence":0,"reason":"no matching TV series id in candidates"}
{"at":"2026-09-16T17:35:02Z","path":"Red Dwarf/Season 04/01 Camille.m4v","tmdb_id":null,"confidence":0,"reason":"no matching TV series id in candidates"}
{"at":"2026-09-16T17:35:02Z","path":"Red Dwarf/Season 04/02 DNA.m4v","tmdb_id":null,"confidence":0,"reason":"no matching TV series id in candidates"}
{"at":"2026-09-16T17:35:02Z","path":"Red Dwarf/Season 04/03 Justice.m4v","tmdb_id":null,"confidence":0,"reason":"no matching TV series id in candidates"}
{"at":"2026-09-16T17:35:02Z","path":"Red Dwarf/Season 04/04 White Hole.m4v","tmdb_id":null,"confidence":0,"reason":"no matching TV series id in candidates"}
{"at":"2026-09-16T17:35:02Z","path":"Red Dwarf/Season 04/05 Dimension Jump.m4v","tmdb_id":null,"confidence":0,"reason":"no matching TV series id in candidates"}
{"at":"2026-09-16T17:35:02Z","path":"Red Dwarf/Season 04/06 Meltdown.m4v","tmdb_id":null,"confidence":0,"reason":"no matching TV series id in candidates"}
{"at":"2026-09-16T17:35:19Z","path":"Red Dwarf/Season 05/01 Holoship.m4v","tmdb_id":null,"confidence":0,"reason":"no matching TV series id in candidates"}
{"at":"2026-09-16T17:35:19Z","path":"Red Dwarf/Season 05/02 The Inquisitor.m4v","tmdb_id":null,"confidence":0,"reason":"no matching TV series id in candidates"}
{"at":"2026-09-16T17:35:19Z","path":"Red Dwarf/Season 05/03 Terrorform.m4v","tmdb_id":null,"confidence":0,"reason":"no matching TV series id in candidates"}
{"at":"2026-09-16T17:35:19Z","path":"Red Dwarf/Season 05/04 Quarantine.m4v","tmdb_id":null,"confidence":0,"reason":"no matching TV series id in candidates"}
{"at":"2026-09-16T17:35:19Z","path":"Red Dwarf/Season 05/05 Demons and Angels.m4v","tmdb_id":null,"confidence":0,"reason":"no matching TV series id in candidates"}
{"at":"2026-09-16T17:35:19Z","path":"Red Dwarf/Season 05/06 Back to Reality.m4v","tmdb_id":null,"confidence":0,"reason":"no matching TV series id in candidates"}
{"at":"2026-09-16T17:35:19Z","path":"Red Dwarf/Season 06/01 Psirens.m4v","tmdb_id":null,"confidence":0,"reason":"no matching TV series id in candidates"}
{"at":"2026-09-16T17:35:19Z","path":"Red Dwarf/Season 06/02 Legion.m4v","tmdb_id":null,"confidence":0,"reason":"no matching TV series id in candidates"}
{"at":"2026-09-16T17:35:19Z","path":"Red Dwarf/Season 06/03 Gunmen of the Apocalypse.m4v","tmdb_id":null,"confidence":0,"reason":"no matching TV series id in candidates"}
{"at":"2026-09-16T17:35:19Z","path":"Red Dwarf/Season 06/04 Emohawk.m4v","tmdb_id":null,"confidence":0,"reason":"no matching TV series id in candidates"}
{"at":"2026-09-16T17:35:19Z","path":"Red Dwarf/Season 06/05 Rimmerworld.m4v","tmdb_id":null,"confidence":0,"reason":"no matching TV series id in candidates"}
{"at":"2026-09-16T17:35:19Z","path":"Red Dwarf/Season 06/06 Out Of Time.m4v","tmdb_id":null,"confidence":0,"reason":"no matching TV series id in candidates"}
{"at":"2026-09-16T17:35:19Z","path":"Red Dwarf/Season 07/01 Tikka To Ride - extended.m4v","tmdb_id":null,"confidence":0,"reason":"no matching TV series id in candidates"}
{"at":"2026-09-16T17:35:19Z","path":"Red Dwarf/Season 07/01 Tikka To Ride.m4v","tmdb_id":null,"confidence":0,"reason":"no matching TV series id in candidates"}
{"at":"2026-09-16T17:35:19Z","path":"Red Dwarf/Season 07/02 Stoke Me a Clipper.m4v","tmdb_id":null,"confidence":0,"reason":"no matching TV series id in candidates"}
{"at":"2026-09-16T17:35:19Z","path":"Red Dwarf/Season 07/03 Ouroborous - extended.m4v","tmdb_id":null,"confidence":0,"reason":"no matching TV series id in candidates"}
{"at":"2026-09-16T17:35:19Z","path":"Red Dwarf/Season 07/03 Ouroborous.m4v","tmdb_id":null,"confidence":0,"reason":"no matching TV series id in candidates"}
{"at":"2026-09-16T17:35:19Z","path":"Red Dwarf/Season 07/04 Duct Soup - extended.m4v","tmdb_id":null,"confidence":0,"reason":"no matching TV series id in candidates"}
{"at":"2026-09-16T17:35:19Z","path":"Red Dwarf/Season 07/04 Duct Soup.m4v","tmdb_id":null,"confidence":0,"reason":"no matching TV series id in candidates"}
{"at":"2026-09-16T17:35:19Z","path":"Red Dwarf/Season 07/05 Blue.m4v","tmdb_id":null,"confidence":0,"reason":"no matching TV series id in candidates"}
{"at":"2026-09-16T17:35:19Z","path":"Red Dwarf/Season 07/06 Beyond a Joke.m4v","tmdb_id":null,"confidence":0,"reason":"no matching TV series id in candidates"}
{"at":"2026-09-16T17:35:19Z","path":"Red Dwarf/Season 07/07 Epideme.m4v","tmdb_id":null,"confidence":0,"reason":"no matching TV series id in candidates"}
{"at":"2026-09-16T17:35:19Z","path":"Red Dwarf/Season 07/08 Nanarchy.m4v","tmdb_id":null,"confidence":0,"reason":"no matching TV series id in candidates"}
{"at":"2026-09-16T17:35:19Z","path":"Red Dwarf/Season 07/Extra - Identity Within.m4v","tmdb_id":null,"confidence":0,"reason":"no matching TV series id in candidates"}
{"at":"2026-09-16T17:35:19Z","path":"Red Dwarf/Season 08/01 Back In The Red - Part 1.m4v","tmdb_id":null,"confidence":0,"reason":"no matching TV series id in candidates"}
{"at":"2026-09-16T17:35:36Z","path":"Red Dwarf/Season 08/02 Back In The Red - Part 2.m4v","tmdb_id":null,"confidence":0,"reason":"no matching TV series id in candidates"}
{"at":"2026-09-16T17:35:36Z","path":"Red Dwarf/Season 08/03 Back In The Red - Part 3.m4v","tmdb_id":null,"confidence":0,"reason":"no matching TV series id in candidates"}
{"at":"2026-09-16T17:35:36Z","path":"Red Dwarf/Season 08/04 Cassandra.m4v","tmdb_id":null,"confidence":0,"reason":"no matching TV series id in candidates"}
{"at":"2026-09-16T17:35:36Z","path":"Red Dwarf/Season 08/05 Krytie TV.m4v","tmdb_id":null,"confidence":0,"reason":"no matching TV series id in candidates"}
{"at":"2026-09-16T17:35:36Z","path":"Red Dwarf/Season 08/06 Pete - part 1.m4v","tmdb_id":null,"confidence":0,"reason":"no matching TV series id in candidates"}
{"at":"2026-09-16T17:35:36Z","path":"Red Dwarf/Season 08/07 Pete - part 2.m4v","tmdb_id":null,"confidence":0,"reason":"no matching TV series id in candidates"}
{"at":"2026-09-16T17:35:36Z","path":"Red Dwarf/Season 08/08 Only The Good.m4v","tmdb_id":null,"confidence":0,"reason":"no matching TV series id in candidates"}
{"at":"2026-09-16T17:35:36Z","path":"Red Dwarf/Season 09 - Back To Earth/Back To Earth - complete.m4v","tmdb_id":null,"confidence":0,"reason":"no matching TV series id in candidates"}
{"at":"2026-09-16T17:35:36Z","path":"Red Dwarf/Season 10/1 - Trojan.m4v","tmdb_id":null,"confidence":0,"reason":"no matching TV series id in candidates"}
{"at":"2026-09-16T17:35:36Z","path":"Red Dwarf/Season 10/2 - Fathers and Sons.m4v","tmdb_id":null,"confidence":0,"reason":"no matching TV series id in candidates"}
{"at":"2026-09-16T17:35:36Z","path":"Red Dwarf/Season 10/3 - Lemons.m4v","tmdb_id":null,"confidence":0,"reason":"no matching TV series id in candidates"}
{"at":"2026-09-16T17:35:36Z","path":"Red Dwarf/Season 10/4 - Entangled.m4v","tmdb_id":null,"confidence":0,"reason":"no matching TV series id in candidates"}
{"at":"2026-09-16T17:35:36Z","path":"Red Dwarf/Season 10/5 - Dear Dave.m4v","tmdb_id":null,"confidence":0,"reason":"no matching TV series id in candidates"}
{"at":"2026-09-16T17:35:36Z","path":"Red Dwarf/Season 10/6 - The Beginning.m4v","tmdb_id":null,"confidence":0,"reason":"no matching TV series id in candidates"}
{"at":"2026-09-16T17:35:36Z","path":"Red Dwarf/Season 11/01 Twentica.m4v","tmdb_id":null,"confidence":0,"reason":"no matching TV series id in candidates"}
{"at":"2026-09-16T17:35:36Z","path":"Red Dwarf/Season 11/02 Samsara.m4v","tmdb_id":null,"confidence":0,"reason":"no matching TV series id in candidates"}
{"at":"2026-09-16T17:35:36Z","path":"Red Dwarf/Season 11/03 Give and Take.m4v","tmdb_id":null,"confidence":0,"reason":"no matching TV series id in candidates"}
{"at":"2026-09-16T17:35:36Z","path":"Red Dwarf/Season 11/04 Officer Rimmer.m4v","tmdb_id":null,"confidence":0,"reason":"no matching TV series id in candidates"}
{"at":"2026-09-16T17:35:36Z","path":"Red Dwarf/Season 11/05 Krysis.m4v","tmdb_id":null,"confidence":0,"reason":"no matching TV series id in candidates"}
{"at":"2026-09-16T17:35:36Z","path":"Red Dwarf/Season 11/06 Can of Worms.m4v","tmdb_id":null,"confidence":0,"reason":"no matching TV series id in candidates"}
{"at":"2026-09-16T17:35:36Z","path":"Red Dwarf/Season 11/Behind the Scenes.m4v","tmdb_id":null,"confidence":0,"reason":"no matching TV series id in candidates"}
{"at":"2026-09-16T17:35:36Z","path":"Red Dwarf/Season 12/01 Cured.mp4","tmdb_id":null,"confidence":0,"reason":"no matching TV series id in candidates"}
{"at":"2026-09-16T17:35:36Z","path":"Red Dwarf/Season 12/02 Siliconia.mp4","tmdb_id":null,"confidence":0,"reason":"no matching TV series id in candidates"}
{"at":"2026-09-16T17:35:36Z","path":"Red Dwarf/Season 12/03 Time Wave.mp4","tmdb_id":null,"confidence":0,"reason":"no matching TV series id in candidates"}
{"at":"2026-09-16T17:35:36Z","path":"Red Dwarf/Season 12/04 Mechocracy.mp4","tmdb_id":null,"confidence":0,"reason":"no matching TV series id in candidates"}
{"at":"2026-09-16T17:35:52Z","path":"Red Dwarf/Season 12/05 M-Corp.mp4","tmdb_id":null,"confidence":0,"reason":"no matching TV series id"}
{"at":"2026-09-16T17:35:52Z","path":"Red Dwarf/Season 12/06 Skipper.mp4","tmdb_id":null,"confidence":0,"reason":"no matching TV series id"}
{"at":"2026-09-16T17:35:52Z","path":"Red Dwarf/Season 13/Deleted Scenes.mp4","tmdb_id":null,"confidence":0,"reason":"no matching TV series id"}
{"at":"2026-09-16T17:35:52Z","path":"Red Dwarf/Season 13/Smeg Ups.mp4","tmdb_id":null,"confidence":0,"reason":"no matching TV series id"}
{"at":"2026-09-16T17:35:52Z","path":"Red Dwarf/Season 13/The Promised Doc.mp4","tmdb_id":null,"confidence":0,"reason":"no matching TV series id"}
{"at":"2026-09-16T17:35:52Z","path":"Red Dwarf/Season 13/The Promised Land.mp4","tmdb_id":null,"confidence":0,"reason":"no matching TV series id"}
{"at":"2026-09-16T17:35:52Z","path":"Red Dwarf/Season 13/Through An Audience's Eyes.mp4","tmdb_id":null,"confidence":0,"reason":"no matching TV series id"}
{"at":"2026-09-16T17:35:52Z","path":"Reno 911/Season 1/01 season 1.m4v","tmdb_id":null,"confidence":0,"reason":"no matching TV series id"}
{"at":"2026-09-16T17:35:52Z","path":"Reno 911/Season 1/02 season 1.m4v","tmdb_id":null,"confidence":0,"reason":"no matching TV series id"}
{"at":"2026-09-16T17:35:52Z","path":"Reno 911/Season 1/03 season 1.m4v","tmdb_id":null,"confidence":0,"reason":"no matching TV series id"}
{"at":"2026-09-16T17:35:52Z","path":"Reno 911/Season 1/04 season 1.m4v","tmdb_id":null,"confidence":0,"reason":"no matching TV series id"}
{"at":"2026-09-16T17:35:52Z","path":"Reno 911/Season 1/05 season 1.m4v","tmdb_id":null,"confidence":0,"reason":"no matching TV series id"}
{"at":"2026-09-16T17:35:52Z","path":"Reno 911/Season 1/06 season 1.m4v","tmdb_id":null,"confidence":0,"reason":"no matching TV series id"}
{"at":"2026-09-16T17:35:52Z","path":"Reno 911/Season 2/01 season 2.m4v","tmdb_id":null,"confidence":0,"reason":"no matching TV series id"}
{"at":"2026-09-16T17:35:52Z","path":"Reno 911/Season 2/02 season 2.m4v","tmdb_id":null,"confidence":0,"reason":"no matching TV series id"}
{"at":"2026-09-16T17:35:52Z","path":"Reno 911/Season 2/03 season 2.m4v","tmdb_id":null,"confidence":0,"reason":"no matching TV series id"}
{"at":"2026-09-16T17:35:52Z","path":"Reno 911/Season 2/04 season 2.m4v","tmdb_id":null,"confidence":0,"reason":"no matching TV series id"}
{"at":"2026-09-16T17:35:52Z","path":"Reno 911/Season 2/05 season 2.m4v","tmdb_id":null,"confidence":0,"reason":"no matching TV series id"}
{"at":"2026-09-16T17:35:52Z","path":"Reno 911/Season 2/06 season 2.m4v","tmdb_id":null,"confidence":0,"reason":"no matching TV series id"}
{"at":"2026-09-16T17:35:52Z","path":"Reno 911/Season 2/07 season 2.m4v","tmdb_id":null,"confidence":0,"reason":"no matching TV series id"}
{"at":"2026-09-16T17:35:52Z","path":"Reno 911/Season 2/09 season 2.m4v","tmdb_id":null,"confidence":0,"reason":"no matching TV series id"}
{"at":"2026-09-16T17:35:52Z","path":"Reno 911/Season 2/10 season 2.m4v","tmdb_id":null,"confidence":0,"reason":"no matching TV series id"}
{"at":"2026-09-16T17:35:52Z","path":"Reno 911/Season 2/11 season 2.m4v","tmdb_id":null,"confidence":0,"reason":"no matching TV series id"}
{"at":"2026-09-16T17:35:52Z","path":"Reno 911/Season 2/12 season 2.m4v","tmdb_id":null,"confidence":0,"reason":"no matching TV series id"}
{"at":"2026-09-16T17:35:52Z","path":"Reno 911/Season 2/13 season 2.m4v","tmdb_id":null,"confidence":0,"reason":"no matching TV series id"}
{"at":"2026-09-16T17:36:09Z","path":"Reno 911/Season 2/14 season 2.m4v","tmdb_id":null,"confidence":0,"reason":"no TV series id in candidates"}
{"at":"2026-09-16T17:36:09Z","path":"Reno 911/Season 2/Reno 911_season2_08.mkv","tmdb_id":null,"confidence":0,"reason":"no TV series id in candidates"}
{"at":"2026-09-16T17:36:09Z","path":"Reno 911/Season 3/01 season 3.m4v","tmdb_id":null,"confidence":0,"reason":"no TV series id in candidates"}
{"at":"2026-09-16T17:36:09Z","path":"Reno 911/Season 3/02 season 3.m4v","tmdb_id":null,"confidence":0,"reason":"no TV series id in candidates"}
{"at":"2026-09-16T17:36:09Z","path":"Reno 911/Season 3/03 season 3.m4v","tmdb_id":null,"confidence":0,"reason":"no TV series id in candidates"}
{"at":"2026-09-16T17:36:09Z","path":"Reno 911/Season 3/04 season 3.m4v","tmdb_id":null,"confidence":0,"reason":"no TV series id in candidates"}
{"at":"2026-09-16T17:36:09Z","path":"Reno 911/Season 3/05 season 3.m4v","tmdb_id":null,"confidence":0,"reason":"no TV series id in candidates"}
{"at":"2026-09-16T17:36:09Z","path":"Reno 911/Season 3/06 season 3.m4v","tmdb_id":null,"confidence":0,"reason":"no TV series id in candidates"}
{"at":"2026-09-16T17:36:09Z","path":"Reno 911/Season 3/07 season 3.m4v","tmdb_id":null,"confidence":0,"reason":"no TV series id in candidates"}
{"at":"2026-09-16T17:36:09Z","path":"Reno 911/Season 3/08 season 3.m4v","tmdb_id":null,"confidence":0,"reason":"no TV series id in candidates"}
{"at":"2026-09-16T17:36:09Z","path":"Reno 911/Season 3/09 season 3.m4v","tmdb_id":null,"confidence":0,"reason":"no TV series id in candidates"}
{"at":"2026-09-16T17:36:09Z","path":"Reno 911/Season 3/10 season 3.m4v","tmdb_id":null,"confidence":0,"reason":"no TV series id in candidates"}
{"at":"2026-09-16T17:36:09Z","path":"Reno 911/Season 3/11 season 3.m4v","tmdb_id":null,"confidence":0,"reason":"no TV series id in candidates"}
{"at":"2026-09-16T17:36:09Z","path":"Reno 911/Season 3/12 season 3.m4v","tmdb_id":null,"confidence":0,"reason":"no TV series id in candidates"}
{"at":"2026-09-16T17:36:09Z","path":"Reno 911/Season 4/01 season 4.m4v","tmdb_id":null,"confidence":0,"reason":"no TV series id in candidates"}
{"at":"2026-09-16T17:36:09Z","path":"Reno 911/Season 4/02 season 4.m4v","tmdb_id":null,"confidence":0,"reason":"no TV series id in candidates"}
{"at":"2026-09-16T17:36:09Z","path":"Reno 911/Season 4/03 season 4.m4v","tmdb_id":null,"confidence":0,"reason":"no TV series id in candidates"}
{"at":"2026-09-16T17:36:09Z","path":"Reno 911/Season 4/04 season 4.m4v","tmdb_id":null,"confidence":0,"reason":"no TV series id in candidates"}
{"at":"2026-09-16T17:36:09Z","path":"Reno 911/Season 4/05 season 4.m4v","tmdb_id":null,"confidence":0,"reason":"no TV series id in candidates"}
{"at":"2026-09-16T17:36:09Z","path":"Reno 911/Season 4/06 season 4.m4v","tmdb_id":null,"confidence":0,"reason":"no TV series id in candidates"}
{"at":"2026-09-16T17:36:09Z","path":"Reno 911/Season 4/07 season 4.m4v","tmdb_id":null,"confidence":0,"reason":"no TV series id in candidates"}
{"at":"2026-09-16T17:36:09Z","path":"Reno 911/Season 4/08 season 4.m4v","tmdb_id":null,"confidence":0,"reason":"no TV series id in candidates"}
{"at":"2026-09-16T17:36:09Z","path":"Reno 911/Season 4/09 season 4.m4v","tmdb_id":null,"confidence":0,"reason":"no TV series id in candidates"}
{"at":"2026-09-16T17:36:09Z","path":"Reno 911/Season 4/10 season 4.m4v","tmdb_id":null,"confidence":0,"reason":"no TV series id in candidates"}
{"at":"2026-09-16T17:36:09Z","path":"Reno 911/Season 4/11 season 4.m4v","tmdb_id":null,"confidence":0,"reason":"no TV series id in candidates"}
{"at":"2026-09-16T17:36:26Z","path":"Reno 911/Season 4/12 season 4.m4v","tmdb_id":null,"confidence":0,"reason":"no TV series in candidates"}
{"at":"2026-09-16T17:36:26Z","path":"Reno 911/Season 4/13 season 4.m4v","tmdb_id":null,"confidence":0,"reason":"no TV series in candidates"}
{"at":"2026-09-16T17:36:26Z","path":"Reno 911/Season 4/14 season 4.m4v","tmdb_id":null,"confidence":0,"reason":"no TV series in candidates"}
{"at":"2026-09-16T17:36:26Z","path":"Reno 911/Season 5/01 season 5.m4v","tmdb_id":null,"confidence":0,"reason":"no TV series in candidates"}
{"at":"2026-09-16T17:36:26Z","path":"Reno 911/Season 5/02 season 5.m4v","tmdb_id":null,"confidence":0,"reason":"no TV series in candidates"}
{"at":"2026-09-16T17:36:26Z","path":"Reno 911/Season 5/03 season 5.m4v","tmdb_id":null,"confidence":0,"reason":"no TV series in candidates"}
{"at":"2026-09-16T17:36:26Z","path":"Reno 911/Season 5/04 season 5.m4v","tmdb_id":null,"confidence":0,"reason":"no TV series in candidates"}
{"at":"2026-09-16T17:36:26Z","path":"Reno 911/Season 5/05 season 5.m4v","tmdb_id":null,"confidence":0,"reason":"no TV series in candidates"}
{"at":"2026-09-16T17:36:26Z","path":"Reno 911/Season 5/06 season 5.m4v","tmdb_id":null,"confidence":0,"reason":"no TV series in candidates"}
{"at":"2026-09-16T17:36:26Z","path":"Reno 911/Season 5/07 season 5.m4v","tmdb_id":null,"confidence":0,"reason":"no TV series in candidates"}
{"at":"2026-09-16T17:36:26Z","path":"Reno 911/Season 5/08 season 5.m4v","tmdb_id":null,"confidence":0,"reason":"no TV series in candidates"}
{"at":"2026-09-16T17:36:26Z","path":"Reno 911/Season 5/09 season 5.m4v","tmdb_id":null,"confidence":0,"reason":"no TV series in candidates"}
{"at":"2026-09-16T17:36:26Z","path":"Reno 911/Season 5/10 season 5.m4v","tmdb_id":null,"confidence":0,"reason":"no TV series in candidates"}
{"at":"2026-09-16T17:36:26Z","path":"Reno 911/Season 5/11 season 5.m4v","tmdb_id":null,"confidence":0,"reason":"no TV series in candidates"}
{"at":"2026-09-16T17:36:26Z","path":"Reno 911/Season 5/12 season 5.m4v","tmdb_id":null,"confidence":0,"reason":"no TV series in candidates"}
{"at":"2026-09-16T17:36:26Z","path":"Reno 911/Season 5/13 season 5.m4v","tmdb_id":null,"confidence":0,"reason":"no TV series in candidates"}
{"at":"2026-09-16T17:36:26Z","path":"Reno 911/Season 5/14 season 5.m4v","tmdb_id":null,"confidence":0,"reason":"no TV series in candidates"}
{"at":"2026-09-16T17:36:26Z","path":"Reno 911/Season 5/15 season 5.m4v","tmdb_id":null,"confidence":0,"reason":"no TV series in candidates"}
{"at":"2026-09-16T17:36:26Z","path":"Reno 911/Season 5/16 season 5.m4v","tmdb_id":null,"confidence":0,"reason":"no TV series in candidates"}
{"at":"2026-09-16T17:36:26Z","path":"Reno 911/Season 6/Reno 911_season6_01.m4v","tmdb_id":null,"confidence":0,"reason":"no TV series in candidates"}
{"at":"2026-09-16T17:36:26Z","path":"Reno 911/Season 6/Reno 911_season6_02.m4v","tmdb_id":null,"confidence":0,"reason":"no TV series in candidates"}
{"at":"2026-09-16T17:36:26Z","path":"Reno 911/Season 6/Reno 911_season6_03.m4v","tmdb_id":null,"confidence":0,"reason":"no TV series in candidates"}
{"at":"2026-09-16T17:36:26Z","path":"Reno 911/Season 6/Reno 911_season6_04.m4v","tmdb_id":null,"confidence":0,"reason":"no TV series in candidates"}
{"at":"2026-09-16T17:36:26Z","path":"Reno 911/Season 6/Reno 911_season6_05.m4v","tmdb_id":null,"confidence":0,"reason":"no TV series in candidates"}
{"at":"2026-09-16T17:36:26Z","path":"Reno 911/Season 6/Reno 911_season6_06.m4v","tmdb_id":null,"confidence":0,"reason":"no TV series in candidates"}
{"at":"2026-09-16T17:36:42Z","path":"Reno 911/Season 6/Reno 911_season6_07.m4v","tmdb_id":null,"confidence":0,"reason":"no TV series candidates"}
{"at":"2026-09-16T17:36:42Z","path":"Reno 911/Season 6/Reno 911_season6_08.m4v","tmdb_id":null,"confidence":0,"reason":"no TV series candidates"}
{"at":"2026-09-16T17:36:42Z","path":"Reno 911/Season 6/Reno 911_season6_09.m4v","tmdb_id":null,"confidence":0,"reason":"no TV series candidates"}
{"at":"2026-09-16T17:36:42Z","path":"Reno 911/Season 6/Reno 911_season6_10.m4v","tmdb_id":null,"confidence":0,"reason":"no TV series candidates"}
{"at":"2026-09-16T17:36:42Z","path":"Reno 911/Season 6/Reno 911_season6_11.m4v","tmdb_id":null,"confidence":0,"reason":"no TV series candidates"}
{"at":"2026-09-16T17:36:42Z","path":"Reno 911/Season 6/Reno 911_season6_12.m4v","tmdb_id":null,"confidence":0,"reason":"no TV series candidates"}
{"at":"2026-09-16T17:36:42Z","path":"Reno 911/Season 6/Reno 911_season6_13.m4v","tmdb_id":null,"confidence":0,"reason":"no TV series candidates"}
{"at":"2026-09-16T17:36:42Z","path":"Reno 911/Season 6/Reno 911_season6_14.m4v","tmdb_id":null,"confidence":0,"reason":"no TV series candidates"}
{"at":"2026-09-16T17:36:42Z","path":"Reno 911/Season 6/Reno 911_season6_15.m4v","tmdb_id":null,"confidence":0,"reason":"no TV series candidates"}
{"at":"2026-09-16T17:36:42Z","path":"Reno 911/Season 7/02_Concealed Carry Fashion Show.mp4","tmdb_id":null,"confidence":0,"reason":"no TV series candidates"}
{"at":"2026-09-16T17:36:42Z","path":"Reno 911/Season 7/08_The Return of Diablo.mp4","tmdb_id":null,"confidence":0,"reason":"no TV series candidates"}
{"at":"2026-09-16T17:36:42Z","path":"Reno 911/Season 7/07_Weekend at Bernie.mp4","tmdb_id":null,"confidence":0,"reason":"no TV series candidates"}
{"at":"2026-09-16T17:36:42Z","path":"Reno 911/Season 7/01_Let's Shoot A White Guy.mp4","tmdb_id":null,"confidence":0,"reason":"no TV series candidates"}
{"at":"2026-09-16T17:36:42Z","path":"Reno 911/Season 7/06_Space Force.mp4","tmdb_id":null,"confidence":0,"reason":"no TV series candidates"}
{"at":"2026-09-16T17:36:42Z","path":"Reno 911/Season 7/03_Jackie's Birthday.mp4","tmdb_id":null,"confidence":0,"reason":"no TV series candidates"}
{"at":"2026-09-16T17:36:42Z","path":"Reno 911/Season 7/04_Truckee River Revenge.mp4","tmdb_id":null,"confidence":0,"reason":"no TV series candidates"}
{"at":"2026-09-16T17:36:42Z","path":"Reno 911/Season 7/05_Coyote Hazing.mp4","tmdb_id":null,"confidence":0,"reason":"no TV series candidates"}
{"at":"2026-09-16T17:36:42Z","path":"Reno 911/Season 8/11_The Hills Have Owls.mp4","tmdb_id":null,"confidence":0,"reason":"no TV series candidates"}
{"at":"2026-09-16T17:36:42Z","path":"Reno 911/Season 8/07_Dangle's Retirement Plan.mp4","tmdb_id":null,"confidence":0,"reason":"no TV series candidates"}
{"at":"2026-09-16T17:36:42Z","path":"Reno 911/Season 8/09_Woody's Adventure.mp4","tmdb_id":null,"confidence":0,"reason":"no TV series candidates"}
{"at":"2026-09-16T17:36:42Z","path":"Reno 911/Season 8/10_Dangle's Mike Pence Challenge Coin.mp4","tmdb_id":null,"confidence":0,"reason":"no TV series candidates"}
{"at":"2026-09-16T17:36:42Z","path":"Reno 911/Season 8/04_Law Enforcement Mini Fun Fest.mp4","tmdb_id":null,"confidence":0,"reason":"no TV series candidates"}
{"at":"2026-09-16T17:36:42Z","path":"Reno 911/Season 8/01_Defunded.mp4","tmdb_id":null,"confidence":0,"reason":"no TV series candidates"}
{"at":"2026-09-16T17:36:42Z","path":"Reno 911/Season 8/02_Bad Lieutenant Woman.mp4","tmdb_id":null,"confidence":0,"reason":"no TV series candidates"}
{"at":"2026-09-16T17:36:42Z","path":"Reno 911/Season 8/06_Haunted Hayride.mp4","tmdb_id":null,"confidence":0,"reason":"no TV series candidates"}
{"at":"2026-09-16T17:36:58Z","path":"Reno 911/Season 8/05_Clemmy's Prestige.mp4","tmdb_id":null,"confidence":0,"reason":"no TV series candidates"}
{"at":"2026-09-16T17:36:58Z","path":"Reno 911/Season 8/08_Beige Lives Matter_.mp4","tmdb_id":null,"confidence":0,"reason":"no TV series candidates"}
{"at":"2026-09-16T17:36:58Z","path":"Reno 911/Season 8/03_Jonesteenth.mp4","tmdb_id":null,"confidence":0,"reason":"no TV series candidates"}
{"at":"2026-09-16T17:36:58Z","path":"South Park/Season 10 new/11_Hell on Earth 2006.mp4","tmdb_id":null,"confidence":0,"reason":"no TV series candidates"}
{"at":"2026-09-16T17:36:58Z","path":"The Guild/The Guild - Season 1.m4v","tmdb_id":null,"confidence":0,"reason":"no TV series candidates"}
{"at":"2026-09-16T17:36:58Z","path":"The Guild/The Guild - Season 2.m4v","tmdb_id":null,"confidence":0,"reason":"no TV series candidates"}
{"at":"2026-09-16T17:36:58Z","path":"The Guild/The Guild - Season 3.m4v","tmdb_id":null,"confidence":0,"reason":"no TV series candidates"}
{"at":"2026-09-16T17:36:58Z","path":"The Guild/The Guild - Season 4.m4v","tmdb_id":null,"confidence":0,"reason":"no TV series candidates"}
{"at":"2026-09-16T17:36:58Z","path":"The Guild/The Guild - Season 5.mov","tmdb_id":null,"confidence":0,"reason":"no TV series candidates"}
{"at":"2026-09-16T17:36:58Z","path":"The Guild/The Guild - Season 6.mov","tmdb_id":null,"confidence":0,"reason":"no TV series candidates"}
{"at":"2026-09-16T17:36:58Z","path":"The Guild/The Guild - Season 5.mp4","tmdb_id":null,"confidence":0,"reason":"no TV series candidates"}
{"at":"2026-09-16T17:36:58Z","path":"Saturday Night Live/SNL - Totinos.mov","tmdb_id":null,"confidence":0,"reason":"no TV series candidates"}
{"at":"2026-09-16T17:36:58Z","path":"Saturday Night Live/SNL - New Paint.mov","tmdb_id":null,"confidence":0,"reason":"no TV series candidates"}
{"at":"2026-09-16T17:36:58Z","path":"Saturday Night Live/SNL - Dry Fridays.mov","tmdb_id":null,"confidence":0,"reason":"no TV series candidates"}
{"at":"2026-09-16T17:36:58Z","path":"Saturday Night Live/SNL - Duolingo for Talking to Children.mov","tmdb_id":null,"confidence":0,"reason":"no TV series candidates"}
{"at":"2026-09-16T17:36:58Z","path":"Saturday Night Live/Dog tag - KStew on SNL.mov","tmdb_id":null,"confidence":0,"reason":"no TV series candidates"}
{"at":"2026-09-16T17:36:58Z","path":"Saturday Night Live/SNL - Corporate Nightmare Song.mov","tmdb_id":null,"confidence":0,"reason":"no TV series candidates"}
{"at":"2026-09-16T17:36:58Z","path":"Saturday Night Live/Beavis and Butt-Head - SNL.mp4","tmdb_id":null,"confidence":0,"reason":"no TV series candidates"}
{"at":"2026-09-16T17:36:58Z","path":"Saturday Night Live/Japanese Game Show - Saturday Night Live.mp4","tmdb_id":null,"confidence":0,"reason":"no TV series candidates"}
{"at":"2026-09-16T17:36:58Z","path":"The Expanse/Season 1/01 Dulcinea.mp4","tmdb_id":null,"confidence":0,"reason":"no TV series candidates"}
{"at":"2026-09-16T17:36:58Z","path":"The Expanse/Season 1/02 The Big Empty.mp4","tmdb_id":null,"confidence":0,"reason":"no TV series candidates"}
{"at":"2026-09-16T17:36:58Z","path":"The Expanse/Season 1/03 Remember the Cant.mp4","tmdb_id":null,"confidence":0,"reason":"no TV series candidates"}
{"at":"2026-09-16T17:36:58Z","path":"The Expanse/Season 1/04 CQB.mp4","tmdb_id":null,"confidence":0,"reason":"no TV series candidates"}
{"at":"2026-09-16T17:36:58Z","path":"The Expanse/Season 1/05 Back to the Butcher.mp4","tmdb_id":null,"confidence":0,"reason":"no TV series candidates"}
{"at":"2026-09-16T17:36:58Z","path":"The Expanse/Season 1/06 Retrofit.mp4","tmdb_id":null,"confidence":0,"reason":"no TV series candidates"}
{"at":"2026-09-16T17:37:14Z","path":"The Expanse/Season 1/07 Windmills.mp4","tmdb_id":null,"confidence":0,"reason":"no matching TV series id"}
{"at":"2026-09-16T17:37:14Z","path":"The Expanse/Season 1/08 Salvage.mp4","tmdb_id":null,"confidence":0,"reason":"no matching TV series id"}
{"at":"2026-09-16T17:37:14Z","path":"The Expanse/Season 1/09 Critical Mass.mp4","tmdb_id":null,"confidence":0,"reason":"no matching TV series id"}
{"at":"2026-09-16T17:37:14Z","path":"The Expanse/Season 1/10 Leviathan Wakes.mp4","tmdb_id":null,"confidence":0,"reason":"no matching TV series id"}
{"at":"2026-09-16T17:37:14Z","path":"The Expanse/Season 2/01 Safe.mp4","tmdb_id":null,"confidence":0,"reason":"no matching TV series id"}
{"at":"2026-09-16T17:37:14Z","path":"The Expanse/Season 2/02 Doors & Corners.mp4","tmdb_id":null,"confidence":0,"reason":"no matching TV series id"}
{"at":"2026-09-16T17:37:14Z","path":"The Expanse/Season 2/03 Static.mp4","tmdb_id":null,"confidence":0,"reason":"no matching TV series id"}
{"at":"2026-09-16T17:37:14Z","path":"The Expanse/Season 2/04 Godspeed.mp4","tmdb_id":null,"confidence":0,"reason":"no matching TV series id"}
{"at":"2026-09-16T17:37:14Z","path":"The Expanse/Season 2/05 Home.mp4","tmdb_id":null,"confidence":0,"reason":"no matching TV series id"}
{"at":"2026-09-16T17:37:14Z","path":"The Expanse/Season 2/06 Paradigm Shift.mp4","tmdb_id":null,"confidence":0,"reason":"no matching TV series id"}
{"at":"2026-09-16T17:37:14Z","path":"The Expanse/Season 2/07 The Seventh Man.mp4","tmdb_id":null,"confidence":0,"reason":"no matching TV series id"}
{"at":"2026-09-16T17:37:14Z","path":"The Expanse/Season 2/08 Pyre.mp4","tmdb_id":null,"confidence":0,"reason":"no matching TV series id"}
{"at":"2026-09-16T17:37:14Z","path":"The Expanse/Season 2/09 The Weeping Somnambulist.mp4","tmdb_id":null,"confidence":0,"reason":"no matching TV series id"}
{"at":"2026-09-16T17:37:14Z","path":"The Expanse/Season 2/10 Cascade.mov","tmdb_id":null,"confidence":0,"reason":"no matching TV series id"}
{"at":"2026-09-16T17:37:14Z","path":"The Expanse/Season 2/11 Here There Be Dragons.mov","tmdb_id":null,"confidence":0,"reason":"no matching TV series id"}
{"at":"2026-09-16T17:37:14Z","path":"The Expanse/Season 2/12 The Monster and the Rocket.mov","tmdb_id":null,"confidence":0,"reason":"no matching TV series id"}
{"at":"2026-09-16T17:37:14Z","path":"The Expanse/Season 2/13 Caliban's War.mov","tmdb_id":null,"confidence":0,"reason":"no matching TV series id"}
{"at":"2026-09-16T17:37:14Z","path":"The Expanse/Season 3/01 Fight or Flight.mp4","tmdb_id":null,"confidence":0,"reason":"no matching TV series id"}
{"at":"2026-09-16T17:37:14Z","path":"The Expanse/Season 3/02 Iff.mp4","tmdb_id":null,"confidence":0,"reason":"no matching TV series id"}
{"at":"2026-09-16T17:37:14Z","path":"The Expanse/Season 3/03 Assured Destruction.mp4","tmdb_id":null,"confidence":0,"reason":"no matching TV series id"}
{"at":"2026-09-16T17:37:14Z","path":"The Expanse/Season 3/04 Reload.mp4","tmdb_id":null,"confidence":0,"reason":"no matching TV series id"}
{"at":"2026-09-16T17:37:14Z","path":"The Expanse/Season 3/05 Triple Point.mp4","tmdb_id":null,"confidence":0,"reason":"no matching TV series id"}
{"at":"2026-09-16T17:37:14Z","path":"The Expanse/Season 3/06 Immolation.mp4","tmdb_id":null,"confidence":0,"reason":"no matching TV series id"}
{"at":"2026-09-16T17:37:14Z","path":"The Expanse/Season 3/07 Delta-V.mp4","tmdb_id":null,"confidence":0,"reason":"no matching TV series id"}
{"at":"2026-09-16T17:37:14Z","path":"The Expanse/Season 3/08 It Reaches Out.mp4","tmdb_id":null,"confidence":0,"reason":"no matching TV series id"}
{"at":"2026-09-16T17:37:32Z","path":"The Expanse/Season 3/09 Intransigence.mp4","tmdb_id":null,"confidence":0,"reason":"no matching TV series id in candidates"}
{"at":"2026-09-16T17:37:32Z","path":"The Expanse/Season 3/10 Dandelion Sky.mp4","tmdb_id":null,"confidence":0,"reason":"no matching TV series id in candidates"}
{"at":"2026-09-16T17:37:32Z","path":"The Expanse/Season 3/11 Fallen World.mp4","tmdb_id":null,"confidence":0,"reason":"no matching TV series id in candidates"}
{"at":"2026-09-16T17:37:32Z","path":"The Expanse/Season 3/12 Congregation.mp4","tmdb_id":null,"confidence":0,"reason":"no matching TV series id in candidates"}
{"at":"2026-09-16T17:37:32Z","path":"The Expanse/Season 3/13 Abaddon's Gate.mp4","tmdb_id":null,"confidence":0,"reason":"no matching TV series id in candidates"}
{"at":"2026-09-16T17:37:32Z","path":"The Expanse/Season 5/06_Tribes.mp4","tmdb_id":null,"confidence":0,"reason":"no matching TV series id in candidates"}
{"at":"2026-09-16T17:37:32Z","path":"The Expanse/Season 5/05_Down and Out.mp4","tmdb_id":null,"confidence":0,"reason":"no matching TV series id in candidates"}
{"at":"2026-09-16T17:37:32Z","path":"The Expanse/Season 5/01_Exodus.mp4","tmdb_id":null,"confidence":0,"reason":"no matching TV series id in candidates"}
{"at":"2026-09-16T17:37:32Z","path":"The Expanse/Season 5/08_Hard Vacuum.mp4","tmdb_id":null,"confidence":0,"reason":"no matching TV series id in candidates"}
{"at":"2026-09-16T17:37:32Z","path":"The Expanse/Season 5/04_Gaugamela.mp4","tmdb_id":null,"confidence":0,"reason":"no matching TV series id in candidates"}
{"at":"2026-09-16T17:37:32Z","path":"The Expanse/Season 5/03_Mother.mp4","tmdb_id":null,"confidence":0,"reason":"no matching TV series id in candidates"}
{"at":"2026-09-16T17:37:32Z","path":"The Expanse/Season 5/10_Nemesis Games.mp4","tmdb_id":null,"confidence":0,"reason":"no matching TV series id in candidates"}
{"at":"2026-09-16T17:37:32Z","path":"The Expanse/Season 5/09_Winnipesaukee.mp4","tmdb_id":null,"confidence":0,"reason":"no matching TV series id in candidates"}
{"at":"2026-09-16T17:37:32Z","path":"The Expanse/Season 5/02_Churn.mp4","tmdb_id":null,"confidence":0,"reason":"no matching TV series id in candidates"}
{"at":"2026-09-16T17:37:32Z","path":"The Expanse/Season 5/07_Oyedeng.mp4","tmdb_id":null,"confidence":0,"reason":"no matching TV series id in candidates"}
{"at":"2026-09-16T17:37:32Z","path":"The Expanse/Season 6/06_Babylon's Ashes.mp4","tmdb_id":null,"confidence":0,"reason":"no matching TV series id in candidates"}
{"at":"2026-09-16T17:37:32Z","path":"The Expanse/Season 6/05_Why We Fight.mp4","tmdb_id":null,"confidence":0,"reason":"no matching TV series id in candidates"}
{"at":"2026-09-16T17:37:32Z","path":"The Expanse/Season 6/01_Strange Dogs.mp4","tmdb_id":null,"confidence":0,"reason":"no matching TV series id in candidates"}
{"at":"2026-09-16T17:37:32Z","path":"The Expanse/Season 6/03_Force Projection.mp4","tmdb_id":null,"confidence":0,"reason":"no matching TV series id in candidates"}
{"at":"2026-09-16T17:37:32Z","path":"The Expanse/Season 6/02_Azure Dragon.mp4","tmdb_id":null,"confidence":0,"reason":"no matching TV series id in candidates"}
{"at":"2026-09-16T17:37:32Z","path":"The Expanse/Season 6/04_Redoubt.mp4","tmdb_id":null,"confidence":0,"reason":"no matching TV series id in candidates"}
{"at":"2026-09-16T17:37:32Z","path":"The Expanse/Season 4/07_A Shot in the Dark.mp4","tmdb_id":null,"confidence":0,"reason":"no matching TV series id in candidates"}
{"at":"2026-09-16T17:37:32Z","path":"The Expanse/Season 4/09_Saeculum.mp4","tmdb_id":null,"confidence":0,"reason":"no matching TV series id in candidates"}
{"at":"2026-09-16T17:37:32Z","path":"The Expanse/Season 4/06_Displacement.mp4","tmdb_id":null,"confidence":0,"reason":"no matching TV series id in candidates"}
{"at":"2026-09-16T17:37:32Z","path":"The Expanse/Season 4/05_Oppressor.mp4","tmdb_id":null,"confidence":0,"reason":"no matching TV series id in candidates"}
{"at":"2026-09-16T17:37:50Z","path":"The Expanse/Season 4/04_Retrograde.mp4","tmdb_id":null,"confidence":0,"reason":"no matching TV series candidates"}
{"at":"2026-09-16T17:37:50Z","path":"The Expanse/Season 4/10_Cibola Burn.mp4","tmdb_id":null,"confidence":0,"reason":"no matching TV series candidates"}
{"at":"2026-09-16T17:37:50Z","path":"The Expanse/Season 4/02_Jetsam.mp4","tmdb_id":null,"confidence":0,"reason":"no matching TV series candidates"}
{"at":"2026-09-16T17:37:50Z","path":"The Expanse/Season 4/08_The One-Eyed Man.mp4","tmdb_id":null,"confidence":0,"reason":"no matching TV series candidates"}
{"at":"2026-09-16T17:37:50Z","path":"The Expanse/Season 4/01_New Terra.mp4","tmdb_id":null,"confidence":0,"reason":"no matching TV series candidates"}
{"at":"2026-09-16T17:37:50Z","path":"The Expanse/Season 4/03_Subduction.mp4","tmdb_id":null,"confidence":0,"reason":"no matching TV series candidates"}
{"at":"2026-09-16T17:37:50Z","path":"Ash vs. Evil Dead/Season 1/01 El Jefe.mp4","tmdb_id":null,"confidence":0,"reason":"no matching TV series candidates"}
{"at":"2026-09-16T17:37:50Z","path":"Ash vs. Evil Dead/Season 1/02 Bait.mp4","tmdb_id":null,"confidence":0,"reason":"no matching TV series candidates"}
{"at":"2026-09-16T17:37:50Z","path":"Ash vs. Evil Dead/Season 1/03 Books From Beyond.mp4","tmdb_id":null,"confidence":0,"reason":"no matching TV series candidates"}
{"at":"2026-09-16T17:37:50Z","path":"Ash vs. Evil Dead/Season 1/04 Brujo.mp4","tmdb_id":null,"confidence":0,"reason":"no matching TV series candidates"}
{"at":"2026-09-16T17:37:50Z","path":"Ash vs. Evil Dead/Season 1/05 The Host.mp4","tmdb_id":null,"confidence":0,"reason":"no matching TV series candidates"}
{"at":"2026-09-16T17:37:50Z","path":"Ash vs. Evil Dead/Season 1/06 The Killer of Killers.mp4","tmdb_id":null,"confidence":0,"reason":"no matching TV series candidates"}
{"at":"2026-09-16T17:37:50Z","path":"Ash vs. Evil Dead/Season 1/07 Fire in the Hole.mp4","tmdb_id":null,"confidence":0,"reason":"no matching TV series candidates"}
{"at":"2026-09-16T17:37:50Z","path":"Ash vs. Evil Dead/Season 1/08 Ashes to Ashes.mp4","tmdb_id":null,"confidence":0,"reason":"no matching TV series candidates"}
{"at":"2026-09-16T17:37:50Z","path":"Ash vs. Evil Dead/Season 1/09 Bound in the Flesh.mp4","tmdb_id":null,"confidence":0,"reason":"no matching TV series candidates"}
{"at":"2026-09-16T17:37:50Z","path":"Ash vs. Evil Dead/Season 1/10 The Dark One.mp4","tmdb_id":null,"confidence":0,"reason":"no matching TV series candidates"}
{"at":"2026-09-16T17:37:50Z","path":"Ash vs. Evil Dead/Season 1/The Reluctant Hero & His Crew_ No Guts, No Glory.mp4","tmdb_id":null,"confidence":0,"reason":"no matching TV series candidates"}
{"at":"2026-09-16T17:37:50Z","path":"Ash vs. Evil Dead/Season 2/01 - Home.mp4","tmdb_id":null,"confidence":0,"reason":"no matching TV series candidates"}
{"at":"2026-09-16T17:37:50Z","path":"Ash vs. Evil Dead/Season 2/02 - The Morgue.mp4","tmdb_id":null,"confidence":0,"reason":"no matching TV series candidates"}
{"at":"2026-09-16T17:37:50Z","path":"Ash vs. Evil Dead/Season 2/03 - Last Call.mp4","tmdb_id":null,"confidence":0,"reason":"no matching TV series candidates"}
{"at":"2026-09-16T17:37:50Z","path":"Ash vs. Evil Dead/Season 2/04 - Dui.mp4","tmdb_id":null,"confidence":0,"reason":"no matching TV series candidates"}
{"at":"2026-09-16T17:37:50Z","path":"Ash vs. Evil Dead/Season 2/05 - Confinement.mp4","tmdb_id":null,"confidence":0,"reason":"no matching TV series candidates"}
{"at":"2026-09-16T17:37:50Z","path":"Ash vs. Evil Dead/Season 2/06 - Trapped Inside.mp4","tmdb_id":null,"confidence":0,"reason":"no matching TV series candidates"}
{"at":"2026-09-16T17:37:50Z","path":"Ash vs. Evil Dead/Season 2/07 - Delusion.mp4","tmdb_id":null,"confidence":0,"reason":"no matching TV series candidates"}
{"at":"2026-09-16T17:37:50Z","path":"Ash vs. Evil Dead/Season 2/08 - Ashy Slashy.mp4","tmdb_id":null,"confidence":0,"reason":"no matching TV series candidates"}
{"at":"2026-09-16T17:38:00Z","path":"Pacific Heat/07 - A Troublesome Guest.mp4","tmdb_id":null,"confidence":0,"reason":"no TMDB candidates"}
{"at":"2026-09-16T17:38:01Z","path":"Pacific Heat/10 - A Deadly Deal.mp4","tmdb_id":null,"confidence":0,"reason":"no TMDB candidates"}
{"at":"2026-09-16T17:38:01Z","path":"Pacific Heat/01 - A Dangerous Game.mp4","tmdb_id":null,"confidence":0,"reason":"no TMDB candidates"}
{"at":"2026-09-16T17:38:06Z","path":"Ash vs. Evil Dead/Season 2/09 - Home Again.mp4","tmdb_id":null,"confidence":0,"reason":"no matching episode id"}
{"at":"2026-09-16T17:38:06Z","path":"Ash vs. Evil Dead/Season 2/10 - Second Coming.mp4","tmdb_id":null,"confidence":0,"reason":"no matching episode id"}
{"at":"2026-09-16T17:38:06Z","path":"Ash vs. Evil Dead/Season 3/01 Family.mp4","tmdb_id":null,"confidence":0,"reason":"no matching episode id"}
{"at":"2026-09-16T17:38:06Z","path":"Ash vs. Evil Dead/Season 3/02 Booth Three.mp4","tmdb_id":null,"confidence":0,"reason":"no matching episode id"}
{"at":"2026-09-16T17:38:06Z","path":"Ash vs. Evil Dead/Season 3/03 Apparently Dead.mp4","tmdb_id":null,"confidence":0,"reason":"no matching episode id"}
{"at":"2026-09-16T17:38:06Z","path":"Ash vs. Evil Dead/Season 3/04 Unfinished Business.mp4","tmdb_id":null,"confidence":0,"reason":"no matching episode id"}
{"at":"2026-09-16T17:38:06Z","path":"Ash vs. Evil Dead/Season 3/05 Baby Proof.mp4","tmdb_id":null,"confidence":0,"reason":"no matching episode id"}
{"at":"2026-09-16T17:38:06Z","path":"Ash vs. Evil Dead/Season 3/06 Tales from the Rift.mp4","tmdb_id":null,"confidence":0,"reason":"no matching episode id"}
{"at":"2026-09-16T17:38:06Z","path":"Ash vs. Evil Dead/Season 3/07 Twist and Shout.mp4","tmdb_id":null,"confidence":0,"reason":"no matching episode id"}
{"at":"2026-09-16T17:38:06Z","path":"Ash vs. Evil Dead/Season 3/08 Rifting Apart.mp4","tmdb_id":null,"confidence":0,"reason":"no matching episode id"}
{"at":"2026-09-16T17:38:06Z","path":"Ash vs. Evil Dead/Season 3/09 Judgement Day.mp4","tmdb_id":null,"confidence":0,"reason":"no matching episode id"}
{"at":"2026-09-16T17:38:06Z","path":"Ash vs. Evil Dead/Season 3/10 The Mettle of Man.mp4","tmdb_id":null,"confidence":0,"reason":"no matching episode id"}
{"at":"2026-09-16T17:38:06Z","path":"Medical Police/Season 1/04 Mature Group Action.mp4","tmdb_id":null,"confidence":0,"reason":"no matching episode id"}
{"at":"2026-09-16T17:38:06Z","path":"Medical Police/Season 1/05 Deuce to Nines, Double Draw.mp4","tmdb_id":null,"confidence":0,"reason":"no matching episode id"}
{"at":"2026-09-16T17:38:06Z","path":"Medical Police/Season 1/07 Everybody Panic!.mp4","tmdb_id":null,"confidence":0,"reason":"no matching episode id"}
{"at":"2026-09-16T17:38:06Z","path":"Medical Police/Season 1/10 Everything Goes Back to Normal … or Do They.mp4","tmdb_id":null,"confidence":0,"reason":"no matching episode id"}
{"at":"2026-09-16T17:38:06Z","path":"Medical Police/Season 1/01 Wheels Up.mp4","tmdb_id":null,"confidence":0,"reason":"no matching episode id"}
{"at":"2026-09-16T17:38:06Z","path":"Medical Police/Season 1/03 Dumb Doggy.mp4","tmdb_id":null,"confidence":0,"reason":"no matching episode id"}
{"at":"2026-09-16T17:38:06Z","path":"Medical Police/Season 1/08 Just the D.mp4","tmdb_id":null,"confidence":0,"reason":"no matching episode id"}
{"at":"2026-09-16T17:38:06Z","path":"Medical Police/Season 1/02 The Goldfinch.mp4","tmdb_id":null,"confidence":0,"reason":"no matching episode id"}
{"at":"2026-09-16T17:38:06Z","path":"Medical Police/Season 1/06 The Lasagna as a Whole.mp4","tmdb_id":null,"confidence":0,"reason":"no matching episode id"}
{"at":"2026-09-16T17:38:06Z","path":"Medical Police/Season 1/09 Real Heavy Hitter.mp4","tmdb_id":null,"confidence":0,"reason":"no matching episode id"}
{"at":"2026-09-16T17:38:07Z","path":"Pacific Heat/12 - A Deadly Grudge.mp4","tmdb_id":null,"confidence":0,"reason":"no TMDB candidates"}
{"at":"2026-09-16T17:38:08Z","path":"Pacific Heat/06 - Married to Mur-der.mp4","tmdb_id":null,"confidence":0,"reason":"no TMDB candidates"}
{"at":"2026-09-16T17:38:08Z","path":"Pacific Heat/04 - The Science of Death.mp4","tmdb_id":null,"confidence":0,"reason":"no TMDB candidates"}
{"at":"2026-09-16T17:38:08Z","path":"Pacific Heat/09 - A Brush with Death.mov","tmdb_id":null,"confidence":0,"reason":"no TMDB candidates"}
{"at":"2026-09-16T17:38:09Z","path":"Pacific Heat/13 - A Return to Evil.mp4","tmdb_id":null,"confidence":0,"reason":"no TMDB candidates"}
{"at":"2026-09-16T17:38:09Z","path":"Pacific Heat/02 - Countdown to Death.mp4","tmdb_id":null,"confidence":0,"reason":"no TMDB candidates"}
{"at":"2026-09-16T17:38:10Z","path":"Pacific Heat/03 - A Family Affair.mp4","tmdb_id":null,"confidence":0,"reason":"no TMDB candidates"}
{"at":"2026-09-16T17:38:10Z","path":"Pacific Heat/05 - The Face of Terror.mp4","tmdb_id":null,"confidence":0,"reason":"no TMDB candidates"}
{"at":"2026-09-16T17:38:10Z","path":"Pacific Heat/11 - Extreme Turbulence.mov","tmdb_id":null,"confidence":0,"reason":"no TMDB candidates"}
{"at":"2026-09-16T17:38:11Z","path":"Pacific Heat/08 - In the Wrong Hands.mp4","tmdb_id":null,"confidence":0,"reason":"no TMDB candidates"}
{"at":"2026-09-16T17:38:21Z","path":"The Orville/Season 1/01 Old Wounds.mp4","tmdb_id":null,"confidence":0,"reason":"no matching TV series in candidates"}
{"at":"2026-09-16T17:38:21Z","path":"The Orville/Season 1/02 Command Performance.mp4","tmdb_id":null,"confidence":0,"reason":"no matching TV series in candidates"}
{"at":"2026-09-16T17:38:21Z","path":"The Orville/Season 1/03 About a Girl.mp4","tmdb_id":null,"confidence":0,"reason":"no matching TV series in candidates"}
{"at":"2026-09-16T17:38:21Z","path":"The Orville/Season 1/04 If the Stars Should Appear.mp4","tmdb_id":null,"confidence":0,"reason":"no matching TV series in candidates"}
{"at":"2026-09-16T17:38:21Z","path":"The Orville/Season 1/05 Pria.mp4","tmdb_id":null,"confidence":0,"reason":"no matching TV series in candidates"}
{"at":"2026-09-16T17:38:21Z","path":"The Orville/Season 1/06 Krill.mp4","tmdb_id":null,"confidence":0,"reason":"no matching TV series in candidates"}
{"at":"2026-09-16T17:38:21Z","path":"The Orville/Season 1/07 Majority Rule.mp4","tmdb_id":null,"confidence":0,"reason":"no matching TV series in candidates"}
{"at":"2026-09-16T17:38:21Z","path":"The Orville/Season 1/08 Into the Fold.mp4","tmdb_id":null,"confidence":0,"reason":"no matching TV series in candidates"}
{"at":"2026-09-16T17:38:21Z","path":"The Orville/Season 1/09 Cupid's Dagger.mp4","tmdb_id":null,"confidence":0,"reason":"no matching TV series in candidates"}
{"at":"2026-09-16T17:38:21Z","path":"The Orville/Season 2/07 Deflectors.mp4","tmdb_id":null,"confidence":0,"reason":"no matching TV series in candidates"}
{"at":"2026-09-16T17:38:21Z","path":"The Orville/Season 2/06 A Happy Refrain.mp4","tmdb_id":null,"confidence":0,"reason":"no matching TV series in candidates"}
{"at":"2026-09-16T17:38:21Z","path":"The Orville/Season 2/11 Lasting Impressions.mp4","tmdb_id":null,"confidence":0,"reason":"no matching TV series in candidates"}
{"at":"2026-09-16T17:38:21Z","path":"The Orville/Season 2/08 Identity, Pt. 1.mp4","tmdb_id":null,"confidence":0,"reason":"no matching TV series in candidates"}
{"at":"2026-09-16T17:38:21Z","path":"The Orville/Season 2/09 Identity, Pt. 2.mp4","tmdb_id":null,"confidence":0,"reason":"no matching TV series in candidates"}
{"at":"2026-09-16T17:38:21Z","path":"The Orville/Season 2/10 Blood of Patriots.mp4","tmdb_id":null,"confidence":0,"reason":"no matching TV series in candidates"}
{"at":"2026-09-16T17:38:36Z","path":"The Orville/Season 2/03 Home.mp4","tmdb_id":null,"confidence":0,"reason":"no matching TV series id"}
{"at":"2026-09-16T17:38:36Z","path":"The Orville/Season 2/12 Sanctuary.mp4","tmdb_id":null,"confidence":0,"reason":"no matching TV series id"}
{"at":"2026-09-16T17:38:36Z","path":"The Orville/Season 2/05 All the World Is Birthday Cake.mp4","tmdb_id":null,"confidence":0,"reason":"no matching TV series id"}
{"at":"2026-09-16T17:38:36Z","path":"The Orville/Season 2/13 Tomorrow, and Tomorrow, and Tomorrow.mp4","tmdb_id":null,"confidence":0,"reason":"no matching TV series id"}
{"at":"2026-09-16T17:38:36Z","path":"The Orville/Season 2/14 The Road Not Taken.mp4","tmdb_id":null,"confidence":0,"reason":"no matching TV series id"}
{"at":"2026-09-16T17:38:36Z","path":"The Orville/Season 2/01 Ja'loja.mp4","tmdb_id":null,"confidence":0,"reason":"no matching TV series id"}
{"at":"2026-09-16T17:38:36Z","path":"The Orville/Season 2/02 Primal Urges.mp4","tmdb_id":null,"confidence":0,"reason":"no matching TV series id"}
{"at":"2026-09-16T17:38:36Z","path":"The Orville/Season 2/04 Nothing Left On Earth Excepting Fishes.mp4","tmdb_id":null,"confidence":0,"reason":"no matching TV series id"}
{"at":"2026-09-16T17:38:36Z","path":"The Orville/New Horizons/01_Electric Sheep.mp4","tmdb_id":null,"confidence":0,"reason":"no matching TV series id"}
{"at":"2026-09-16T17:38:36Z","path":"The Orville/New Horizons/02_Shadow Realms.mp4","tmdb_id":null,"confidence":0,"reason":"no matching TV series id"}
{"at":"2026-09-16T17:38:36Z","path":"The Orville/New Horizons/03_Mortality Paradox.mp4","tmdb_id":null,"confidence":0,"reason":"no matching TV series id"}
{"at":"2026-09-16T17:38:36Z","path":"The Orville/New Horizons/04_Gently Falling Rain.mp4","tmdb_id":null,"confidence":0,"reason":"no matching TV series id"}
{"at":"2026-09-16T17:38:36Z","path":"The Orville/New Horizons/05_A Tale of Two Topas.mp4","tmdb_id":null,"confidence":0,"reason":"no matching TV series id"}
{"at":"2026-09-16T17:38:36Z","path":"The Orville/New Horizons/06_Twice in a Lifetime.mp4","tmdb_id":null,"confidence":0,"reason":"no matching TV series id"}
{"at":"2026-09-16T17:38:36Z","path":"The Orville/New Horizons/07_From Unknown Graves.mp4","tmdb_id":null,"confidence":0,"reason":"no matching TV series id"}
{"at":"2026-09-16T17:38:36Z","path":"The Orville/New Horizons/08_Midnight Blue.mp4","tmdb_id":null,"confidence":0,"reason":"no matching TV series id"}
{"at":"2026-09-16T17:38:36Z","path":"The Orville/New Horizons/09_Domino.mp4","tmdb_id":null,"confidence":0,"reason":"no matching TV series id"}
{"at":"2026-09-16T17:38:36Z","path":"The Orville/New Horizons/10_Future Unknown.mp4","tmdb_id":null,"confidence":0,"reason":"no matching TV series id"}
{"at":"2026-09-16T17:38:36Z","path":"Police Squad/4 - Police Squad.m4v","tmdb_id":null,"confidence":0,"reason":"no matching TV series id"}
{"at":"2026-09-16T17:38:36Z","path":"Police Squad/1 - Police Squad.m4v","tmdb_id":null,"confidence":0,"reason":"no matching TV series id"}
{"at":"2026-09-16T17:38:36Z","path":"Police Squad/2 - Police Squad.m4v","tmdb_id":null,"confidence":0,"reason":"no matching TV series id"}
{"at":"2026-09-16T17:38:36Z","path":"Police Squad/3 - Police Squad.m4v","tmdb_id":null,"confidence":0,"reason":"no matching TV series id"}
{"at":"2026-09-16T17:38:36Z","path":"Police Squad/6 - Police Squad.m4v","tmdb_id":null,"confidence":0,"reason":"no matching TV series id"}
{"at":"2026-09-16T17:38:36Z","path":"Police Squad/5 - Police Squad.m4v","tmdb_id":null,"confidence":0,"reason":"no matching TV series id"}
{"at":"2026-09-16T17:38:36Z","path":"The Witcher/Season 1/01_The End’s Beginning.mp4","tmdb_id":null,"confidence":0,"reason":"no matching TV series id"}
{"at":"2026-09-16T17:38:47Z","path":"Samurai Champloo/01 Tempestuous Temperaments.mp4","tmdb_id":null,"confidence":0,"reason":"no TMDB candidates"}
{"at":"2026-09-16T17:38:47Z","path":"Samurai Champloo/02 Redeye Reprisal.mp4","tmdb_id":null,"confidence":0,"reason":"no TMDB candidates"}
{"at":"2026-09-16T17:38:52Z","path":"The Witcher/Season 1/02_Four Marks.mp4","tmdb_id":null,"confidence":0,"reason":"no matching TV series id in candidates"}
{"at":"2026-09-16T17:38:52Z","path":"The Witcher/Season 1/03_Betrayer Moon.mp4","tmdb_id":null,"confidence":0,"reason":"no matching TV series id in candidates"}
{"at":"2026-09-16T17:38:52Z","path":"The Witcher/Season 1/04_Of Banquets, Bastards and Burials.mp4","tmdb_id":null,"confidence":0,"reason":"no matching TV series id in candidates"}
{"at":"2026-09-16T17:38:52Z","path":"The Witcher/Season 1/05_Bottled Appetites.mp4","tmdb_id":null,"confidence":0,"reason":"no matching TV series id in candidates"}
{"at":"2026-09-16T17:38:52Z","path":"The Witcher/Season 1/06_Rare Species.mp4","tmdb_id":null,"confidence":0,"reason":"no matching TV series id in candidates"}
{"at":"2026-09-16T17:38:52Z","path":"The Witcher/Season 1/07_Before a Fall.mp4","tmdb_id":null,"confidence":0,"reason":"no matching TV series id in candidates"}
{"at":"2026-09-16T17:38:52Z","path":"The Witcher/Season 1/08_Much More.mp4","tmdb_id":null,"confidence":0,"reason":"no matching TV series id in candidates"}
{"at":"2026-09-16T17:38:52Z","path":"The Witcher/Season 2/08_Family.mp4","tmdb_id":null,"confidence":0,"reason":"no matching TV series id in candidates"}
{"at":"2026-09-16T17:38:52Z","path":"The Witcher/Season 2/01_A Grain of Truth.mp4","tmdb_id":null,"confidence":0,"reason":"no matching TV series id in candidates"}
{"at":"2026-09-16T17:38:52Z","path":"The Witcher/Season 2/02_Kaer Morhen.mp4","tmdb_id":null,"confidence":0,"reason":"no matching TV series id in candidates"}
{"at":"2026-09-16T17:38:52Z","path":"The Witcher/Season 2/03_What Is Lost.mp4","tmdb_id":null,"confidence":0,"reason":"no matching TV series id in candidates"}
{"at":"2026-09-16T17:38:52Z","path":"The Witcher/Season 2/04_Redanian Intelligence.mp4","tmdb_id":null,"confidence":0,"reason":"no matching TV series id in candidates"}
{"at":"2026-09-16T17:38:52Z","path":"The Witcher/Season 2/05_Turn Your Back.mp4","tmdb_id":null,"confidence":0,"reason":"no matching TV series id in candidates"}
{"at":"2026-09-16T17:38:52Z","path":"The Witcher/Season 2/06_Dear Friend.mp4","tmdb_id":null,"confidence":0,"reason":"no matching TV series id in candidates"}
{"at":"2026-09-16T17:38:52Z","path":"The Witcher/Season 2/07_Voleth Meir.mp4","tmdb_id":null,"confidence":0,"reason":"no matching TV series id in candidates"}
{"at":"2026-09-16T17:38:52Z","path":"The Witcher/Season 3/08_The Cost of Chaos.mp4","tmdb_id":null,"confidence":0,"reason":"no matching TV series id in candidates"}
{"at":"2026-09-16T17:38:52Z","path":"The Witcher/Season 3/01_Shaerrawedd.mp4","tmdb_id":null,"confidence":0,"reason":"no matching TV series id in candidates"}
{"at":"2026-09-16T17:38:52Z","path":"The Witcher/Season 3/03_Reunion.mp4","tmdb_id":null,"confidence":0,"reason":"no matching TV series id in candidates"}
{"at":"2026-09-16T17:38:52Z","path":"The Witcher/Season 3/04_The Invitation.mp4","tmdb_id":null,"confidence":0,"reason":"no matching TV series id in candidates"}
{"at":"2026-09-16T17:38:52Z","path":"The Witcher/Season 3/02_Unbound.mp4","tmdb_id":null,"confidence":0,"reason":"no matching TV series id in candidates"}
{"at":"2026-09-16T17:38:52Z","path":"The Witcher/Season 3/05_The Art of the Illusion.mp4","tmdb_id":null,"confidence":0,"reason":"no matching TV series id in candidates"}
{"at":"2026-09-16T17:38:52Z","path":"The Witcher/Season 3/06_Everybody Has a Plan _til They Get Punched in the Face.mp4","tmdb_id":null,"confidence":0,"reason":"no matching TV series id in candidates"}
{"at":"2026-09-16T17:38:52Z","path":"The Witcher/Season 3/07_Out of the Fire, Into the Frying Pan.mp4","tmdb_id":null,"confidence":0,"reason":"no matching TV series id in candidates"}
{"at":"2026-09-16T17:38:53Z","path":"Samurai Champloo/03 Hellhounds for Hire, Pt. 1.mp4","tmdb_id":null,"confidence":0,"reason":"no TMDB candidates"}
{"at":"2026-09-16T17:38:54Z","path":"Samurai Champloo/04 Hellhounds for Hire, Pt. 2.mp4","tmdb_id":null,"confidence":0,"reason":"no TMDB candidates"}
{"at":"2026-09-16T17:38:54Z","path":"Samurai Champloo/05 Artistic Anarchy.mp4","tmdb_id":null,"confidence":0,"reason":"no TMDB candidates"}
{"at":"2026-09-16T17:38:54Z","path":"Samurai Champloo/06 Stranger Searching.mp4","tmdb_id":null,"confidence":0,"reason":"no TMDB candidates"}
{"at":"2026-09-16T17:38:55Z","path":"Samurai Champloo/07 A Risky Racket.mp4","tmdb_id":null,"confidence":0,"reason":"no TMDB candidates"}
{"at":"2026-09-16T17:38:55Z","path":"Samurai Champloo/08 The Art of Altercation.mp4","tmdb_id":null,"confidence":0,"reason":"no TMDB candidates"}
{"at":"2026-09-16T17:38:56Z","path":"Samurai Champloo/09 Beatbox Bandits.mp4","tmdb_id":null,"confidence":0,"reason":"no TMDB candidates"}
{"at":"2026-09-16T17:38:56Z","path":"Samurai Champloo/10 Lethal Lunacy.mp4","tmdb_id":null,"confidence":0,"reason":"no TMDB candidates"}
{"at":"2026-09-16T17:38:56Z","path":"Samurai Champloo/11 Gamblers and Gallantry.mp4","tmdb_id":null,"confidence":0,"reason":"no TMDB candidates"}
{"at":"2026-09-16T17:38:57Z","path":"Samurai Champloo/12 The Disorder Diaries.mp4","tmdb_id":null,"confidence":0,"reason":"no TMDB candidates"}
{"at":"2026-09-16T17:38:58Z","path":"Samurai Champloo/13 Misguided Miscreants, Pt. 1.mp4","tmdb_id":null,"confidence":0,"reason":"no TMDB candidates"}
{"at":"2026-09-16T17:38:58Z","path":"Samurai Champloo/14 Misguided Miscreants, Pt. 2.mp4","tmdb_id":null,"confidence":0,"reason":"no TMDB candidates"}
{"at":"2026-09-16T17:38:58Z","path":"Samurai Champloo/15 Bogus Booty.mp4","tmdb_id":null,"confidence":0,"reason":"no TMDB candidates"}
{"at":"2026-09-16T17:38:59Z","path":"Samurai Champloo/16 Lullabies of the Lost (Verse 1).mp4","tmdb_id":null,"confidence":0,"reason":"no TMDB candidates"}
{"at":"2026-09-16T17:38:59Z","path":"Samurai Champloo/17 Lullabies of the Lost (Verse 2).mp4","tmdb_id":null,"confidence":0,"reason":"no TMDB candidates"}
{"at":"2026-09-16T17:39:00Z","path":"Samurai Champloo/18 War of the Words.mp4","tmdb_id":null,"confidence":0,"reason":"no TMDB candidates"}
{"at":"2026-09-16T17:39:00Z","path":"Samurai Champloo/19 Unholy Union.mp4","tmdb_id":null,"confidence":0,"reason":"no TMDB candidates"}
{"at":"2026-09-16T17:39:01Z","path":"Samurai Champloo/20 Elegy of Entrapment (Verse 1).mp4","tmdb_id":null,"confidence":0,"reason":"no TMDB candidates"}
{"at":"2026-09-16T17:39:01Z","path":"Samurai Champloo/21 Elegy of Entrapment (Verse 2).mp4","tmdb_id":null,"confidence":0,"reason":"no TMDB candidates"}
{"at":"2026-09-16T17:39:02Z","path":"Samurai Champloo/22 The Cosmic Collisions.mp4","tmdb_id":null,"confidence":0,"reason":"no TMDB candidates"}
{"at":"2026-09-16T17:39:02Z","path":"Samurai Champloo/23 Baseball Blues.mp4","tmdb_id":null,"confidence":0,"reason":"no TMDB candidates"}
{"at":"2026-09-16T17:39:03Z","path":"Samurai Champloo/24 Evanescent Encounter, Pt. 1.mp4","tmdb_id":null,"confidence":0,"reason":"no TMDB candidates"}
{"at":"2026-09-16T17:39:03Z","path":"Samurai Champloo/25 Evanescent Encounter, Pt. 2.mp4","tmdb_id":null,"confidence":0,"reason":"no TMDB candidates"}
{"at":"2026-09-16T17:39:03Z","path":"Samurai Champloo/26 Evanescent Encounter, Pt. 3.mp4","tmdb_id":null,"confidence":0,"reason":"no TMDB candidates"}
{"at":"2026-09-16T17:39:04Z","path":"Black Adder/Series 3/01_Dish and Dishonesty.mp4","tmdb_id":null,"confidence":0,"reason":"no TMDB candidates"}
{"at":"2026-09-16T17:39:05Z","path":"Black Adder/Series 3/02_Ink and Incapability.mp4","tmdb_id":null,"confidence":0,"reason":"no TMDB candidates"}
{"at":"2026-09-16T17:39:05Z","path":"Black Adder/Series 3/03_Nob and Nobility.mp4","tmdb_id":null,"confidence":0,"reason":"no TMDB candidates"}
{"at":"2026-09-16T17:39:05Z","path":"Black Adder/Series 3/04_Sense and Senility.mp4","tmdb_id":null,"confidence":0,"reason":"no TMDB candidates"}
{"at":"2026-09-16T17:39:06Z","path":"Black Adder/Series 3/05_Amy and Amiability.mp4","tmdb_id":null,"confidence":0,"reason":"no TMDB candidates"}
{"at":"2026-09-16T17:39:06Z","path":"Black Adder/Series 3/06_Duel and Duality.mp4","tmdb_id":null,"confidence":0,"reason":"no TMDB candidates"}
{"at":"2026-09-16T17:39:07Z","path":"Black Adder/Series 2/01_Bells.mp4","tmdb_id":null,"confidence":0,"reason":"no TMDB candidates"}
{"at":"2026-09-16T17:39:07Z","path":"Black Adder/Series 2/02_Head.mp4","tmdb_id":null,"confidence":0,"reason":"no TMDB candidates"}
{"at":"2026-09-16T17:39:08Z","path":"Black Adder/Series 2/03_Potato.mp4","tmdb_id":null,"confidence":0,"reason":"no TMDB candidates"}
{"at":"2026-09-16T17:39:08Z","path":"Black Adder/Series 2/04_Money.mp4","tmdb_id":null,"confidence":0,"reason":"no TMDB candidates"}
{"at":"2026-09-16T17:39:08Z","path":"Black Adder/Series 2/05_Beer.mp4","tmdb_id":null,"confidence":0,"reason":"no TMDB candidates"}
{"at":"2026-09-16T17:39:09Z","path":"Black Adder/Series 2/06_Chains.mp4","tmdb_id":null,"confidence":0,"reason":"no TMDB candidates"}
{"at":"2026-09-16T17:39:09Z","path":"Black Adder/Series 1/01_The Foretelling.mp4","tmdb_id":null,"confidence":0,"reason":"no TMDB candidates"}
{"at":"2026-09-16T17:39:10Z","path":"Black Adder/Series 1/02_Born to be King.mp4","tmdb_id":null,"confidence":0,"reason":"no TMDB candidates"}
{"at":"2026-09-16T17:39:10Z","path":"Black Adder/Series 1/03_The Archbishop.mp4","tmdb_id":null,"confidence":0,"reason":"no TMDB candidates"}
{"at":"2026-09-16T17:39:11Z","path":"Black Adder/Series 1/04_The Queen of Spain_s Beard.mp4","tmdb_id":null,"confidence":0,"reason":"no TMDB candidates"}
{"at":"2026-09-16T17:39:11Z","path":"Black Adder/Series 1/05_Witchsmeller Pursuivant.mp4","tmdb_id":null,"confidence":0,"reason":"no TMDB candidates"}
{"at":"2026-09-16T17:39:12Z","path":"Black Adder/Series 1/06_The Black Seal.mp4","tmdb_id":null,"confidence":0,"reason":"no TMDB candidates"}
{"at":"2026-09-16T17:39:12Z","path":"Black Adder/Series 4/01_Captain Cook.mp4","tmdb_id":null,"confidence":0,"reason":"no TMDB candidates"}
{"at":"2026-09-16T17:39:12Z","path":"Black Adder/Series 4/02_Corporal Punishment.mp4","tmdb_id":null,"confidence":0,"reason":"no TMDB candidates"}
{"at":"2026-09-16T17:39:13Z","path":"Black Adder/Series 4/03_Major Star.mp4","tmdb_id":null,"confidence":0,"reason":"no TMDB candidates"}
{"at":"2026-09-16T17:39:13Z","path":"Black Adder/Series 4/04_Private Plane.mp4","tmdb_id":null,"confidence":0,"reason":"no TMDB candidates"}
{"at":"2026-09-16T17:39:14Z","path":"Black Adder/Series 4/05_General Hospital.mp4","tmdb_id":null,"confidence":0,"reason":"no TMDB candidates"}
{"at":"2026-09-16T17:39:14Z","path":"Black Adder/Series 4/06_Goodbyeee.mp4","tmdb_id":null,"confidence":0,"reason":"no TMDB candidates"}
{"at":"2026-09-16T17:39:15Z","path":"Black Adder/Christmas Special/Blackadders Christmas Carol.mp4","tmdb_id":null,"confidence":0,"reason":"no TMDB candidates"}
{"at":"2026-09-16T17:39:15Z","path":"Man Vs Bee/01_Chapter 1.mp4","tmdb_id":null,"confidence":0,"reason":"no TMDB candidates"}
{"at":"2026-09-16T17:39:16Z","path":"Man Vs Bee/02_Chapter 2.mp4","tmdb_id":null,"confidence":0,"reason":"no TMDB candidates"}
{"at":"2026-09-16T17:39:16Z","path":"Man Vs Bee/03_Chapter 3.mp4","tmdb_id":null,"confidence":0,"reason":"no TMDB candidates"}
{"at":"2026-09-16T17:39:16Z","path":"Man Vs Bee/04_Chapter 4.mp4","tmdb_id":null,"confidence":0,"reason":"no TMDB candidates"}
{"at":"2026-09-16T17:39:17Z","path":"Man Vs Bee/05_Chapter 5.mp4","tmdb_id":null,"confidence":0,"reason":"no TMDB candidates"}
{"at":"2026-09-16T17:39:17Z","path":"Man Vs Bee/06_Chapter 6.mp4","tmdb_id":null,"confidence":0,"reason":"no TMDB candidates"}
{"at":"2026-09-16T17:39:18Z","path":"Man Vs Bee/07_Chapter 7.mp4","tmdb_id":null,"confidence":0,"reason":"no TMDB candidates"}
{"at":"2026-09-16T17:39:18Z","path":"Man Vs Bee/08_Chapter 8.mp4","tmdb_id":null,"confidence":0,"reason":"no TMDB candidates"}
{"at":"2026-09-16T17:39:18Z","path":"Man Vs Bee/09_Chapter 9.mp4","tmdb_id":null,"confidence":0,"reason":"no TMDB candidates"}
{"at":"2026-09-16T17:39:32Z","path":"Truth Seekers/Truth Seekers - Season 1_S01E03_The Girl With All The Ghosts.mp4","tmdb_id":null,"confidence":0,"reason":"no matching TV series in candidates"}
{"at":"2026-09-16T17:39:32Z","path":"Truth Seekers/Truth Seekers - Season 1_S01E01_The Haunting Of Connelly’s Nook.mp4","tmdb_id":null,"confidence":0,"reason":"no matching TV series in candidates"}
{"at":"2026-09-16T17:39:32Z","path":"Truth Seekers/Truth Seekers - Season 1_S01E04_The Incident at CovColCosCon.mp4","tmdb_id":null,"confidence":0,"reason":"no matching TV series in candidates"}
{"at":"2026-09-16T17:39:32Z","path":"Truth Seekers/Truth Seekers - Season 1_S01E02_The Watcher On The Water.mp4","tmdb_id":null,"confidence":0,"reason":"no matching TV series in candidates"}
{"at":"2026-09-16T17:39:32Z","path":"Truth Seekers/Truth Seekers - Season 1_S01E06_The Revenge Of The Chichester Widow.mp4","tmdb_id":null,"confidence":0,"reason":"no matching TV series in candidates"}
{"at":"2026-09-16T17:39:32Z","path":"Truth Seekers/Truth Seekers - Season 1_S01E07_The Hinckley Boy.mp4","tmdb_id":null,"confidence":0,"reason":"no matching TV series in candidates"}
{"at":"2026-09-16T17:39:32Z","path":"Truth Seekers/Truth Seekers - Season 1_S01E05_The Ghost Of The Beast Of Bodmin.mp4","tmdb_id":null,"confidence":0,"reason":"no matching TV series in candidates"}
{"at":"2026-09-16T17:39:32Z","path":"Truth Seekers/Truth Seekers - Season 1_S01E08_The Shadow Of The Moon.mp4","tmdb_id":null,"confidence":0,"reason":"no matching TV series in candidates"}
{"at":"2026-09-16T17:39:32Z","path":"Archer/Season 11/Archer_S11E03_Helping Hands.mp4","tmdb_id":null,"confidence":0,"reason":"no matching TV series in candidates"}
{"at":"2026-09-16T17:39:32Z","path":"Archer/Season 11/Archer_S11E07_Caught Napping.mp4","tmdb_id":null,"confidence":0,"reason":"no matching TV series in candidates"}
{"at":"2026-09-16T17:39:32Z","path":"Archer/Season 11/Archer_S11E05_Best Friends.mp4","tmdb_id":null,"confidence":0,"reason":"no matching TV series in candidates"}
{"at":"2026-09-16T17:39:32Z","path":"Archer/Season 11/Archer_S11E08_Cold Fusion.mp4","tmdb_id":null,"confidence":0,"reason":"no matching TV series in candidates"}
{"at":"2026-09-16T17:39:32Z","path":"Archer/Season 11/Archer_S11E02_Bloodsploosh.mp4","tmdb_id":null,"confidence":0,"reason":"no matching TV series in candidates"}
{"at":"2026-09-16T17:39:32Z","path":"Archer/Season 11/Archer_S11E04_Robot Factory.mp4","tmdb_id":null,"confidence":0,"reason":"no matching TV series in candidates"}
{"at":"2026-09-16T17:39:32Z","path":"Archer/Season 11/Archer_S11E01_The Orpheus Gambit.mp4","tmdb_id":null,"confidence":0,"reason":"no matching TV series in candidates"}
{"at":"2026-09-16T17:39:32Z","path":"Archer/Season 11/Archer_S11E06_The Double Date.mp4","tmdb_id":null,"confidence":0,"reason":"no matching TV series in candidates"}
{"at":"2026-09-16T17:39:32Z","path":"Archer/Season 10/Archer_S10E04_Archer 1999_ Dining with the Zarglorp.mp4","tmdb_id":null,"confidence":0,"reason":"no matching TV series in candidates"}
{"at":"2026-09-16T17:39:49Z","path":"Archer/Season 10/Archer_S10E03_Archer 1999_ The Leftovers.mp4","tmdb_id":null,"confidence":0,"reason":"no matching TV series in candidates"}
{"at":"2026-09-16T17:39:49Z","path":"Archer/Season 10/Archer_S10E06_Archer 1999_ Road Trip.mp4","tmdb_id":null,"confidence":0,"reason":"no matching TV series in candidates"}
{"at":"2026-09-16T17:39:49Z","path":"Archer/Season 10/Archer_S10E02_Archer 1999_ Happy Borthday.mp4","tmdb_id":null,"confidence":0,"reason":"no matching TV series in candidates"}
{"at":"2026-09-16T17:39:49Z","path":"Archer/Season 10/Archer_S10E08_Archer 1999_ Cubert.mp4","tmdb_id":null,"confidence":0,"reason":"no matching TV series in candidates"}
{"at":"2026-09-16T17:39:49Z","path":"Archer/Season 10/Archer_S10E01_Archer 1999_ Bort the Garj.mp4","tmdb_id":null,"confidence":0,"reason":"no matching TV series in candidates"}
{"at":"2026-09-16T17:39:49Z","path":"Archer/Season 10/Archer_S10E07_Archer 1999_ Space Pirates.mp4","tmdb_id":null,"confidence":0,"reason":"no matching TV series in candidates"}
{"at":"2026-09-16T17:39:49Z","path":"Archer/Season 10/Archer_S10E05_Archer 1999_ Mr_ Deadly Goes to Town.mp4","tmdb_id":null,"confidence":0,"reason":"no matching TV series in candidates"}
{"at":"2026-09-16T17:39:49Z","path":"Archer/Season 10/Archer_S10E09_Archer 1999_ Robert De Niro.mp4","tmdb_id":null,"confidence":0,"reason":"no matching TV series in candidates"}
{"at":"2026-09-16T17:39:49Z","path":"Archer/Season 4/Archer_S04E12_Sea Tunt_ Part 1.mp4","tmdb_id":null,"confidence":0,"reason":"no matching TV series in candidates"}
{"at":"2026-09-16T17:39:49Z","path":"Archer/Season 4/Archer_S04E08_Coyote Lovely.mp4","tmdb_id":null,"confidence":0,"reason":"no matching TV series in candidates"}
{"at":"2026-09-16T17:39:49Z","path":"Archer/Season 4/Archer_S04E13_Sea Tunt_ Part II.mp4","tmdb_id":null,"confidence":0,"reason":"no matching TV series in candidates"}
{"at":"2026-09-16T17:39:49Z","path":"Archer/Season 4/Archer_S04E01_Fugue and Riffs.mp4","tmdb_id":null,"confidence":0,"reason":"no matching TV series in candidates"}
{"at":"2026-09-16T17:39:49Z","path":"Archer/Season 4/Archer_S04E07_Live and Let Dine.mp4","tmdb_id":null,"confidence":0,"reason":"no matching TV series in candidates"}
{"at":"2026-09-16T17:39:49Z","path":"Archer/Season 4/Archer_S04E06_Once Bitten.mp4","tmdb_id":null,"confidence":0,"reason":"no matching TV series in candidates"}
{"at":"2026-09-16T17:39:49Z","path":"Archer/Season 4/Archer_S04E05_Viscous Coupling.mp4","tmdb_id":null,"confidence":0,"reason":"no matching TV series in candidates"}
{"at":"2026-09-16T17:39:49Z","path":"Archer/Season 4/Archer_S04E02_The Wind Cries Mary.mp4","tmdb_id":null,"confidence":0,"reason":"no matching TV series in candidates"}
{"at":"2026-09-16T17:39:49Z","path":"Archer/Season 4/Archer_S04E11_The Papal Chas.mp4","tmdb_id":null,"confidence":0,"reason":"no matching TV series in candidates"}
{"at":"2026-09-16T17:39:49Z","path":"Archer/Season 4/Archer_S04E04_Midnight Ron.mp4","tmdb_id":null,"confidence":0,"reason":"no matching TV series in candidates"}
{"at":"2026-09-16T17:39:49Z","path":"Archer/Season 4/Archer_S04E10_Un Chien Tangerine.mp4","tmdb_id":null,"confidence":0,"reason":"no matching TV series in candidates"}
{"at":"2026-09-16T17:39:49Z","path":"Archer/Season 4/Archer_S04E03_Legs.mp4","tmdb_id":null,"confidence":0,"reason":"no matching TV series in candidates"}
{"at":"2026-09-16T17:39:49Z","path":"Archer/Season 4/Archer_S04E09_The Honeymooners.mp4","tmdb_id":null,"confidence":0,"reason":"no matching TV series in candidates"}
{"at":"2026-09-16T17:39:49Z","path":"Archer/Season 3/Archer_S03E11_Skin Game.mp4","tmdb_id":null,"confidence":0,"reason":"no matching TV series in candidates"}
{"at":"2026-09-16T17:39:49Z","path":"Archer/Season 3/Archer_S03E04_The Man from Jupiter.mp4","tmdb_id":null,"confidence":0,"reason":"no matching TV series in candidates"}
{"at":"2026-09-16T17:39:49Z","path":"Archer/Season 3/Archer_S03E05_El Contador.mp4","tmdb_id":null,"confidence":0,"reason":"no matching TV series in candidates"}
{"at":"2026-09-16T17:39:49Z","path":"Archer/Season 3/Archer_S03E06_The Limited.mp4","tmdb_id":null,"confidence":0,"reason":"no matching TV series in candidates"}
{"at":"2026-09-16T17:40:06Z","path":"Archer/Season 3/Archer_S03E01_Heart of Archness, Part 1.mp4","tmdb_id":null,"confidence":0,"reason":"no matching TV series in candidates"}
{"at":"2026-09-16T17:40:06Z","path":"Archer/Season 3/Archer_S03E08_Lo Scandalo.mp4","tmdb_id":null,"confidence":0,"reason":"no matching TV series in candidates"}
{"at":"2026-09-16T17:40:06Z","path":"Archer/Season 3/Archer_S03E07_Drift Problem.mp4","tmdb_id":null,"confidence":0,"reason":"no matching TV series in candidates"}
{"at":"2026-09-16T17:40:06Z","path":"Archer/Season 3/Archer_S03E09_Bloody Ferlin.mp4","tmdb_id":null,"confidence":0,"reason":"no matching TV series in candidates"}
{"at":"2026-09-16T17:40:06Z","path":"Archer/Season 3/Archer_S03E02_Heart of Archness, Part 2.mp4","tmdb_id":null,"confidence":0,"reason":"no matching TV series in candidates"}
{"at":"2026-09-16T17:40:06Z","path":"Archer/Season 3/Archer_S03E12_Space Race, Part 1.mp4","tmdb_id":null,"confidence":0,"reason":"no matching TV series in candidates"}
{"at":"2026-09-16T17:40:06Z","path":"Archer/Season 3/Archer_S03E10_Crossing Over.mp4","tmdb_id":null,"confidence":0,"reason":"no matching TV series in candidates"}
{"at":"2026-09-16T17:40:06Z","path":"Archer/Season 3/Archer_S03E13_Space Race, Part 2.mp4","tmdb_id":null,"confidence":0,"reason":"no matching TV series in candidates"}
{"at":"2026-09-16T17:40:06Z","path":"Archer/Season 3/Archer_S03E03_Heart of Archness, Part 3.mp4","tmdb_id":null,"confidence":0,"reason":"no matching TV series in candidates"}
{"at":"2026-09-16T17:40:06Z","path":"Archer/Season 2/Archer_S02E07_Movie Star.mp4","tmdb_id":null,"confidence":0,"reason":"no matching TV series in candidates"}
{"at":"2026-09-16T17:40:06Z","path":"Archer/Season 2/Archer_S02E10_El Secuestro.mp4","tmdb_id":null,"confidence":0,"reason":"no matching TV series in candidates"}
{"at":"2026-09-16T17:40:06Z","path":"Archer/Season 2/Archer_S02E13_Double Trouble.mp4","tmdb_id":null,"confidence":0,"reason":"no matching TV series in candidates"}
{"at":"2026-09-16T17:40:06Z","path":"Archer/Season 2/Archer_S02E01_Swiss Miss.mp4","tmdb_id":null,"confidence":0,"reason":"no matching TV series in candidates"}
{"at":"2026-09-16T17:40:06Z","path":"Archer/Season 2/Archer_S02E06_Tragical History.mp4","tmdb_id":null,"confidence":0,"reason":"no matching TV series in candidates"}
{"at":"2026-09-16T17:40:06Z","path":"Archer/Season 2/Archer_S02E02_A Going Concern.mp4","tmdb_id":null,"confidence":0,"reason":"no matching TV series in candidates"}
{"at":"2026-09-16T17:40:06Z","path":"Archer/Season 2/Archer_S02E11_Jeu Monégasque.mp4","tmdb_id":null,"confidence":0,"reason":"no matching TV series in candidates"}
{"at":"2026-09-16T17:40:06Z","path":"Archer/Season 2/Archer_S02E09_Placebo Effect.mp4","tmdb_id":null,"confidence":0,"reason":"no matching TV series in candidates"}
{"at":"2026-09-16T17:40:06Z","path":"Archer/Season 2/Archer_S02E03_Blood Test.mp4","tmdb_id":null,"confidence":0,"reason":"no matching TV series in candidates"}
{"at":"2026-09-16T17:40:06Z","path":"Archer/Season 2/Archer_S02E12_White Nights.mp4","tmdb_id":null,"confidence":0,"reason":"no matching TV series in candidates"}
{"at":"2026-09-16T17:40:06Z","path":"Archer/Season 2/Archer_S02E04_Pipeline Fever.mp4","tmdb_id":null,"confidence":0,"reason":"no matching TV series in candidates"}
{"at":"2026-09-16T17:40:06Z","path":"Archer/Season 2/Archer_S02E08_Stage Two.mp4","tmdb_id":null,"confidence":0,"reason":"no matching TV series in candidates"}
{"at":"2026-09-16T17:40:06Z","path":"Archer/Season 2/Archer_S02E05_Double Deuce.mp4","tmdb_id":null,"confidence":0,"reason":"no matching TV series in candidates"}
{"at":"2026-09-16T17:40:06Z","path":"Archer/Season 5/Archer_S05E11_Palace Intrigue, Part 2.mp4","tmdb_id":null,"confidence":0,"reason":"no matching TV series in candidates"}
{"at":"2026-09-16T17:40:06Z","path":"Archer/Season 5/Archer_S05E12_Archer Vice_ Filibuster.mp4","tmdb_id":null,"confidence":0,"reason":"no matching TV series in candidates"}
{"at":"2026-09-16T17:40:06Z","path":"Archer/Season 5/Archer_S05E05_Southbound and Down.mp4","tmdb_id":null,"confidence":0,"reason":"no matching TV series in candidates"}
{"at":"2026-09-16T17:40:23Z","path":"Archer/Season 5/Archer_S05E09_On the Carpet.mp4","tmdb_id":null,"confidence":0,"reason":"no matching TV series id in candidates"}
{"at":"2026-09-16T17:40:23Z","path":"Archer/Season 5/Archer_S05E07_Smuggler_s Blues.mp4","tmdb_id":null,"confidence":0,"reason":"no matching TV series id in candidates"}
{"at":"2026-09-16T17:40:23Z","path":"Archer/Season 5/Archer_S05E10_Palace Intrigue, Part 1.mp4","tmdb_id":null,"confidence":0,"reason":"no matching TV series id in candidates"}
{"at":"2026-09-16T17:40:23Z","path":"Archer/Season 5/Archer_S05E01_White Elephant.mp4","tmdb_id":null,"confidence":0,"reason":"no matching TV series id in candidates"}
{"at":"2026-09-16T17:40:23Z","path":"Archer/Season 5/Archer_S05E06_Baby Shower.mp4","tmdb_id":null,"confidence":0,"reason":"no matching TV series id in candidates"}
{"at":"2026-09-16T17:40:23Z","path":"Archer/Season 5/Archer_S05E13_Arrivals _ Departures.mp4","tmdb_id":null,"confidence":0,"reason":"no matching TV series id in candidates"}
{"at":"2026-09-16T17:40:23Z","path":"Archer/Season 5/Archer_S05E08_Rules of Extraction.mp4","tmdb_id":null,"confidence":0,"reason":"no matching TV series id in candidates"}
{"at":"2026-09-16T17:40:23Z","path":"Archer/Season 5/Archer_S05E02_A Kiss While Dying.mp4","tmdb_id":null,"confidence":0,"reason":"no matching TV series id in candidates"}
{"at":"2026-09-16T17:40:23Z","path":"Archer/Season 5/Archer_S05E04_House Calls.mp4","tmdb_id":null,"confidence":0,"reason":"no matching TV series id in candidates"}
{"at":"2026-09-16T17:40:23Z","path":"Archer/Season 5/Archer_S05E03_A Debt of Honor.mp4","tmdb_id":null,"confidence":0,"reason":"no matching TV series id in candidates"}
{"at":"2026-09-16T17:40:23Z","path":"Archer/Season 12/Archer_S12E03_London Time.mp4","tmdb_id":null,"confidence":0,"reason":"no matching TV series id in candidates"}
{"at":"2026-09-16T17:40:23Z","path":"Archer/Season 12/Archer_S12E08_Mission_ Difficult.mp4","tmdb_id":null,"confidence":0,"reason":"no matching TV series id in candidates"}
{"at":"2026-09-16T17:40:23Z","path":"Archer/Season 12/Archer_S12E07_Colt Express.mp4","tmdb_id":null,"confidence":0,"reason":"no matching TV series id in candidates"}
{"at":"2026-09-16T17:40:23Z","path":"Archer/Season 12/Archer_S12E06_Dingo, Baby, Et Cetera.mp4","tmdb_id":null,"confidence":0,"reason":"no matching TV series id in candidates"}
{"at":"2026-09-16T17:40:23Z","path":"Archer/Season 12/Archer_S12E02_Lowjacked.mp4","tmdb_id":null,"confidence":0,"reason":"no matching TV series id in candidates"}
{"at":"2026-09-16T17:40:23Z","path":"Archer/Season 12/Archer_S12E01_Identity Crisis.mp4","tmdb_id":null,"confidence":0,"reason":"no matching TV series id in candidates"}
{"at":"2026-09-16T17:40:23Z","path":"Archer/Season 12/Archer_S12E05_Shots.mp4","tmdb_id":null,"confidence":0,"reason":"no matching TV series id in candidates"}
{"at":"2026-09-16T17:40:23Z","path":"Archer/Season 12/Archer_S12E04_Photo Op.mp4","tmdb_id":null,"confidence":0,"reason":"no matching TV series id in candidates"}
{"at":"2026-09-16T17:40:23Z","path":"Archer/Season 13/Archer_S13E03_Saturday.mp4","tmdb_id":null,"confidence":0,"reason":"no matching TV series id in candidates"}
{"at":"2026-09-16T17:40:23Z","path":"Archer/Season 13/Archer_S13E01_The Big Con.mp4","tmdb_id":null,"confidence":0,"reason":"no matching TV series id in candidates"}
{"at":"2026-09-16T17:40:23Z","path":"Archer/Season 13/Archer_S13E07_Distraction Action.mp4","tmdb_id":null,"confidence":0,"reason":"no matching TV series id in candidates"}
{"at":"2026-09-16T17:40:23Z","path":"Archer/Season 13/Archer_S13E05_Out of Network.mp4","tmdb_id":null,"confidence":0,"reason":"no matching TV series id in candidates"}
{"at":"2026-09-16T17:40:23Z","path":"Archer/Season 13/Archer_S13E04_The Laws of Attraction.mp4","tmdb_id":null,"confidence":0,"reason":"no matching TV series id in candidates"}
{"at":"2026-09-16T17:40:23Z","path":"Archer/Season 13/Archer_S13E08_Dough, Ray and Me.mp4","tmdb_id":null,"confidence":0,"reason":"no matching TV series id in candidates"}
{"at":"2026-09-16T17:40:23Z","path":"Archer/Season 13/Archer_S13E06_Bank Run at Mr_ Bank_s Bank.mp4","tmdb_id":null,"confidence":0,"reason":"no matching TV series id in candidates"}
{"at":"2026-09-16T17:40:41Z","path":"Archer/Season 13/Archer_S13E02_Operation_ Fang.mp4","tmdb_id":null,"confidence":0,"reason":"no matching TV series in candidates"}
{"at":"2026-09-16T17:40:41Z","path":"Archer/Season 9/Archer_S09E06_Archer_ Danger Island -- Some Remarks on Cannibalism.mp4","tmdb_id":null,"confidence":0,"reason":"no matching TV series in candidates"}
{"at":"2026-09-16T17:40:41Z","path":"Archer/Season 9/Archer_S09E05_Archer_ Danger Island -- Strange Doings in the Taboo Groves.mp4","tmdb_id":null,"confidence":0,"reason":"no matching TV series in candidates"}
{"at":"2026-09-16T17:40:41Z","path":"Archer/Season 9/Archer_S09E03_Archer_ Danger Island -- Different Modes of Preparing the Fruit.mp4","tmdb_id":null,"confidence":0,"reason":"no matching TV series in candidates"}
{"at":"2026-09-16T17:40:41Z","path":"Archer/Season 9/Archer_S09E01_Archer_ Danger Island -- Strange Pilot.mp4","tmdb_id":null,"confidence":0,"reason":"no matching TV series in candidates"}
{"at":"2026-09-16T17:40:41Z","path":"Archer/Season 9/Archer_S09E07_Archer_ Danger Island -- Comparative Wickedness of Civilized and Unenlightened Peoples.mp4","tmdb_id":null,"confidence":0,"reason":"no matching TV series in candidates"}
{"at":"2026-09-16T17:40:41Z","path":"Archer/Season 9/Archer_S09E02_Archer_ Danger Island -- Disheartening Situation.mp4","tmdb_id":null,"confidence":0,"reason":"no matching TV series in candidates"}
{"at":"2026-09-16T17:40:41Z","path":"Archer/Season 9/Archer_S09E08_Danger Island -- A Discovery.mp4","tmdb_id":null,"confidence":0,"reason":"no matching TV series in candidates"}
{"at":"2026-09-16T17:40:41Z","path":"Archer/Season 9/Archer_S09E04_Archer_ Danger Island -- A Warrior in Costume.mp4","tmdb_id":null,"confidence":0,"reason":"no matching TV series in candidates"}
{"at":"2026-09-16T17:40:41Z","path":"Archer/Season 7/Archer_S07E08_Liquid Lunch.mp4","tmdb_id":null,"confidence":0,"reason":"no matching TV series in candidates"}
{"at":"2026-09-16T17:40:41Z","path":"Archer/Season 7/Archer_S07E04_Motherless Child.mp4","tmdb_id":null,"confidence":0,"reason":"no matching TV series in candidates"}
{"at":"2026-09-16T17:40:41Z","path":"Archer/Season 7/Archer_S07E02_The Handoff.mp4","tmdb_id":null,"confidence":0,"reason":"no matching TV series in candidates"}
{"at":"2026-09-16T17:40:41Z","path":"Archer/Season 7/Archer_S07E03_Deadly Prep.mp4","tmdb_id":null,"confidence":0,"reason":"no matching TV series in candidates"}
{"at":"2026-09-16T17:40:41Z","path":"Archer/Season 7/Archer_S07E10_Deadly Velvet, Part 2.mp4","tmdb_id":null,"confidence":0,"reason":"no matching TV series in candidates"}
{"at":"2026-09-16T17:40:41Z","path":"Archer/Season 7/Archer_S07E01_The Figgis Agency.mp4","tmdb_id":null,"confidence":0,"reason":"no matching TV series in candidates"}
{"at":"2026-09-16T17:40:41Z","path":"Archer/Season 7/Archer_S07E06_Bel Panto, Part 2.mp4","tmdb_id":null,"confidence":0,"reason":"no matching TV series in candidates"}
{"at":"2026-09-16T17:40:41Z","path":"Archer/Season 7/Archer_S07E09_Deadly Velvet, Part I.mp4","tmdb_id":null,"confidence":0,"reason":"no matching TV series in candidates"}
{"at":"2026-09-16T17:40:41Z","path":"Archer/Season 7/Archer_S07E07_Double Indecency.mp4","tmdb_id":null,"confidence":0,"reason":"no matching TV series in candidates"}
{"at":"2026-09-16T17:40:41Z","path":"Archer/Season 7/Archer_S07E05_Bel Panto, Part I.mp4","tmdb_id":null,"confidence":0,"reason":"no matching TV series in candidates"}
{"at":"2026-09-16T17:40:41Z","path":"Archer/Season 6/Archer_S06E07_Nellis.mp4","tmdb_id":null,"confidence":0,"reason":"no matching TV series in candidates"}
{"at":"2026-09-16T17:40:41Z","path":"Archer/Season 6/Archer_S06E10_Reignition Sequence.mp4","tmdb_id":null,"confidence":0,"reason":"no matching TV series in candidates"}
{"at":"2026-09-16T17:40:41Z","path":"Archer/Season 6/Archer_S06E11_Achub Y Morfilod.mp4","tmdb_id":null,"confidence":0,"reason":"no matching TV series in candidates"}
{"at":"2026-09-16T17:40:41Z","path":"Archer/Season 6/Archer_S06E09_Pocket Listing.mp4","tmdb_id":null,"confidence":0,"reason":"no matching TV series in candidates"}
{"at":"2026-09-16T17:40:41Z","path":"Archer/Season 6/Archer_S06E04_Edie_s Wedding.mp4","tmdb_id":null,"confidence":0,"reason":"no matching TV series in candidates"}
{"at":"2026-09-16T17:40:41Z","path":"Archer/Season 6/Archer_S06E05_Vision Quest.mp4","tmdb_id":null,"confidence":0,"reason":"no matching TV series in candidates"}
{"at":"2026-09-16T17:40:58Z","path":"Archer/Season 6/Archer_S06E03_The Archer Sanction.mp4","tmdb_id":null,"confidence":0,"reason":"no matching TV series in candidates"}
{"at":"2026-09-16T17:40:58Z","path":"Archer/Season 6/Archer_S06E13_Drastic Voyage, Part 2.mp4","tmdb_id":null,"confidence":0,"reason":"no matching TV series in candidates"}
{"at":"2026-09-16T17:40:58Z","path":"Archer/Season 6/Archer_S06E12_Drastic Voyage, Part 1.mp4","tmdb_id":null,"confidence":0,"reason":"no matching TV series in candidates"}
{"at":"2026-09-16T17:40:58Z","path":"Archer/Season 6/Archer_S06E06_Sitting.mp4","tmdb_id":null,"confidence":0,"reason":"no matching TV series in candidates"}
{"at":"2026-09-16T17:40:58Z","path":"Archer/Season 6/Archer_S06E08_The Kanes.mp4","tmdb_id":null,"confidence":0,"reason":"no matching TV series in candidates"}
{"at":"2026-09-16T17:40:58Z","path":"Archer/Season 6/Archer_S06E01_The Holdout.mp4","tmdb_id":null,"confidence":0,"reason":"no matching TV series in candidates"}
{"at":"2026-09-16T17:40:58Z","path":"Archer/Season 6/Archer_S06E02_Three to Tango.mp4","tmdb_id":null,"confidence":0,"reason":"no matching TV series in candidates"}
{"at":"2026-09-16T17:40:58Z","path":"Archer/Season 1/Archer_S01E05_Honeypot.mp4","tmdb_id":null,"confidence":0,"reason":"no matching TV series in candidates"}
{"at":"2026-09-16T17:40:58Z","path":"Archer/Season 1/Archer_S01E08_The Rock.mp4","tmdb_id":null,"confidence":0,"reason":"no matching TV series in candidates"}
{"at":"2026-09-16T17:40:58Z","path":"Archer/Season 1/Archer_S01E06_Skorpio.mp4","tmdb_id":null,"confidence":0,"reason":"no matching TV series in candidates"}
{"at":"2026-09-16T17:40:58Z","path":"Archer/Season 1/Archer_S01E07_Skytanic.mp4","tmdb_id":null,"confidence":0,"reason":"no matching TV series in candidates"}
{"at":"2026-09-16T17:40:58Z","path":"Archer/Season 1/Archer_S01E04_Killing Utne.mp4","tmdb_id":null,"confidence":0,"reason":"no matching TV series in candidates"}
{"at":"2026-09-16T17:40:58Z","path":"Archer/Season 1/Archer_S01E10_Dial M for Mother.mp4","tmdb_id":null,"confidence":0,"reason":"no matching TV series in candidates"}
{"at":"2026-09-16T17:40:58Z","path":"Archer/Season 1/Archer_S01E02_Training Day.mp4","tmdb_id":null,"confidence":0,"reason":"no matching TV series in candidates"}
{"at":"2026-09-16T17:40:58Z","path":"Archer/Season 1/Archer_S01E01_Mole Hunt (Aka Pilot).mp4","tmdb_id":null,"confidence":0,"reason":"no matching TV series in candidates"}
{"at":"2026-09-16T17:40:58Z","path":"Archer/Season 1/Archer_S01E09_Job Offer.mp4","tmdb_id":null,"confidence":0,"reason":"no matching TV series in candidates"}
{"at":"2026-09-16T17:40:58Z","path":"Archer/Season 1/Archer_S01E03_Diversity Hire.mp4","tmdb_id":null,"confidence":0,"reason":"no matching TV series in candidates"}
{"at":"2026-09-16T17:40:58Z","path":"Archer/Season 8/Archer_S08E03_Dreamland - Jane Doe.mp4","tmdb_id":null,"confidence":0,"reason":"no matching TV series in candidates"}
{"at":"2026-09-16T17:40:58Z","path":"Archer/Season 8/Archer_S08E07_Dreamland - Gramercy, Halberd!.mp4","tmdb_id":null,"confidence":0,"reason":"no matching TV series in candidates"}
{"at":"2026-09-16T17:40:58Z","path":"Archer/Season 8/Archer_S08E06_Dreamland - Waxing Gibbious.mp4","tmdb_id":null,"confidence":0,"reason":"no matching TV series in candidates"}
{"at":"2026-09-16T17:40:58Z","path":"Archer/Season 8/Archer_S08E08_Dreamland - Auflösung.mp4","tmdb_id":null,"confidence":0,"reason":"no matching TV series in candidates"}
{"at":"2026-09-16T17:40:58Z","path":"Archer/Season 8/Archer_S08E01_Dreamland - No Good Deed.mp4","tmdb_id":null,"confidence":0,"reason":"no matching TV series in candidates"}
{"at":"2026-09-16T17:40:58Z","path":"Archer/Season 8/Archer_S08E05_Dreamland - Sleepers Wake.mp4","tmdb_id":null,"confidence":0,"reason":"no matching TV series in candidates"}
{"at":"2026-09-16T17:40:58Z","path":"Archer/Season 8/Archer_S08E02_Dreamland - Berenice.mp4","tmdb_id":null,"confidence":0,"reason":"no matching TV series in candidates"}
{"at":"2026-09-16T17:40:58Z","path":"Archer/Season 8/Archer_S08E04_Dreamland - Ladyfingers.mp4","tmdb_id":null,"confidence":0,"reason":"no matching TV series in candidates"}
{"at":"2026-09-16T17:41:17Z","path":"Archer/Season 14/Archer_S14E03_Plaque Removal.mp4","tmdb_id":null,"confidence":0,"reason":"no matching TV series in candidates"}
{"at":"2026-09-16T17:41:17Z","path":"Archer/Season 14/Archer_S14E04_Chill Barry.mp4","tmdb_id":null,"confidence":0,"reason":"no matching TV series in candidates"}
{"at":"2026-09-16T17:41:17Z","path":"Archer/Season 14/Archer_S14E06_Face Off.mp4","tmdb_id":null,"confidence":0,"reason":"no matching TV series in candidates"}
{"at":"2026-09-16T17:41:17Z","path":"Archer/Season 14/Archer_S14E02_30 for 30.mp4","tmdb_id":null,"confidence":0,"reason":"no matching TV series in candidates"}
{"at":"2026-09-16T17:41:17Z","path":"Archer/Season 14/Archer_S14E05_Keys Open Doors.mp4","tmdb_id":null,"confidence":0,"reason":"no matching TV series in candidates"}
{"at":"2026-09-16T17:41:17Z","path":"Archer/Season 14/Archer_S14E01_The Anglerfish Stratagem.mp4","tmdb_id":null,"confidence":0,"reason":"no matching TV series in candidates"}
{"at":"2026-09-16T17:41:17Z","path":"SpongeBob SquarePants/Season 2/01_Your Shoes Untied_Squid_s Day Off.mp4","tmdb_id":null,"confidence":0,"reason":"no matching TV series in candidates"}
{"at":"2026-09-16T17:41:17Z","path":"SpongeBob SquarePants/Season 2/02_Something Smells_Bossy Boots.mp4","tmdb_id":null,"confidence":0,"reason":"no matching TV series in candidates"}
{"at":"2026-09-16T17:41:17Z","path":"SpongeBob SquarePants/Season 2/03_Big Pink Loser_Bubble Buddy.mp4","tmdb_id":null,"confidence":0,"reason":"no matching TV series in candidates"}
{"at":"2026-09-16T17:41:17Z","path":"SpongeBob SquarePants/Season 2/04_Dying for Pie_Imitation Krabs.mp4","tmdb_id":null,"confidence":0,"reason":"no matching TV series in candidates"}
{"at":"2026-09-16T17:41:17Z","path":"SpongeBob SquarePants/Season 2/05_Wormy_Patty Hype.mp4","tmdb_id":null,"confidence":0,"reason":"no matching TV series in candidates"}
{"at":"2026-09-16T17:41:17Z","path":"SpongeBob SquarePants/Season 2/06_Grandma_s Kisses_Squidville.mp4","tmdb_id":null,"confidence":0,"reason":"no matching TV series in candidates"}
{"at":"2026-09-16T17:41:17Z","path":"SpongeBob SquarePants/Season 2/07_Pre-Hibernation Week_Life Of Crime.mp4","tmdb_id":null,"confidence":0,"reason":"no matching TV series in candidates"}
{"at":"2026-09-16T17:41:17Z","path":"SpongeBob SquarePants/Season 2/08_The SpongeBob Christmas Special.mp4","tmdb_id":null,"confidence":0,"reason":"no matching TV series in candidates"}
{"at":"2026-09-16T17:41:17Z","path":"SpongeBob SquarePants/Season 2/09_Survival of the Idiots_Dumped.mp4","tmdb_id":null,"confidence":0,"reason":"no matching TV series in candidates"}
{"at":"2026-09-16T17:41:17Z","path":"SpongeBob SquarePants/Season 2/10_No Free Rides_I_m Your Biggest Fanatic.mp4","tmdb_id":null,"confidence":0,"reason":"no matching TV series in candidates"}
{"at":"2026-09-16T17:41:17Z","path":"SpongeBob SquarePants/Season 2/11_Mermaid Man and Barnacle Boy III_Squirrel Jokes.mp4","tmdb_id":null,"confidence":0,"reason":"no matching TV series in candidates"}
{"at":"2026-09-16T17:41:17Z","path":"SpongeBob SquarePants/Season 2/12_Pressure _ The Smoking Peanut.mp4","tmdb_id":null,"confidence":0,"reason":"no matching TV series in candidates"}
{"at":"2026-09-16T17:41:17Z","path":"SpongeBob SquarePants/Season 2/13_Shanghaied_Gary Takes a Bath.mp4","tmdb_id":null,"confidence":0,"reason":"no matching TV series in candidates"}
{"at":"2026-09-16T17:41:17Z","path":"SpongeBob SquarePants/Season 2/14_Welcome to the Chum Bucket_Frankendoodle.mp4","tmdb_id":null,"confidence":0,"reason":"no matching TV series in candidates"}
{"at":"2026-09-16T17:41:17Z","path":"SpongeBob SquarePants/Season 2/15_The Secret Box_Band Geeks.mp4","tmdb_id":null,"confidence":0,"reason":"no matching TV series in candidates"}
{"at":"2026-09-16T17:41:17Z","path":"SpongeBob SquarePants/Season 2/16_Graveyard Shift_Krusty Love.mp4","tmdb_id":null,"confidence":0,"reason":"no matching TV series in candidates"}
{"at":"2026-09-16T17:41:17Z","path":"SpongeBob SquarePants/Season 2/17_Procrastination_I_m with Stupid.mp4","tmdb_id":null,"confidence":0,"reason":"no matching TV series in candidates"}
{"at":"2026-09-16T17:41:17Z","path":"SpongeBob SquarePants/Season 2/18_Sailor Mouth_Artist Unknown.mp4","tmdb_id":null,"confidence":0,"reason":"no matching TV series in candidates"}
{"at":"2026-09-16T17:41:17Z","path":"SpongeBob SquarePants/Season 2/19_Jellyfish Hunters_The Fry Cook Games.mp4","tmdb_id":null,"confidence":0,"reason":"no matching TV series in candidates"}
{"at":"2026-09-16T17:41:34Z","path":"SpongeBob SquarePants/Season 2/20_Squid on Strike_Sandy, SpongeBob and the Worm.mp4","tmdb_id":null,"confidence":0,"reason":"no matching TV series id in candidates"}
{"at":"2026-09-16T17:41:34Z","path":"SpongeBob SquarePants/Season 1/01_Help Wanted_Reef Blowers_Tea at the Treedome.mp4","tmdb_id":null,"confidence":0,"reason":"no matching TV series id in candidates"}
{"at":"2026-09-16T17:41:34Z","path":"SpongeBob SquarePants/Season 1/02_Bubblestand_Ripped Pants.mp4","tmdb_id":null,"confidence":0,"reason":"no matching TV series id in candidates"}
{"at":"2026-09-16T17:41:34Z","path":"SpongeBob SquarePants/Season 1/03_Jellyfishing_Plankton.mp4","tmdb_id":null,"confidence":0,"reason":"no matching TV series id in candidates"}
{"at":"2026-09-16T17:41:34Z","path":"SpongeBob SquarePants/Season 1/04_Naughty Nautical Neighbors_Boating School.mp4","tmdb_id":null,"confidence":0,"reason":"no matching TV series id in candidates"}
{"at":"2026-09-16T17:41:34Z","path":"SpongeBob SquarePants/Season 1/05_Pizza Delivery_Home Sweet Pineapple.mp4","tmdb_id":null,"confidence":0,"reason":"no matching TV series id in candidates"}
{"at":"2026-09-16T17:41:34Z","path":"SpongeBob SquarePants/Season 1/06_Mermaidman and Barnacleboy_Pickles.mp4","tmdb_id":null,"confidence":0,"reason":"no matching TV series id in candidates"}
{"at":"2026-09-16T17:41:34Z","path":"SpongeBob SquarePants/Season 1/07_Hall Monitor_Jellyfish Jam.mp4","tmdb_id":null,"confidence":0,"reason":"no matching TV series id in candidates"}
{"at":"2026-09-16T17:41:34Z","path":"SpongeBob SquarePants/Season 1/08_Sandy_s Rocket_Squeaky Boots.mp4","tmdb_id":null,"confidence":0,"reason":"no matching TV series id in candidates"}
{"at":"2026-09-16T17:41:34Z","path":"SpongeBob SquarePants/Season 1/09_Nature Pants_Opposite Day.mp4","tmdb_id":null,"confidence":0,"reason":"no matching TV series id in candidates"}
{"at":"2026-09-16T17:41:34Z","path":"SpongeBob SquarePants/Season 1/10_Culture Shock_F_U_N.mp4","tmdb_id":null,"confidence":0,"reason":"no matching TV series id in candidates"}
{"at":"2026-09-16T17:41:34Z","path":"SpongeBob SquarePants/Season 1/11_MuscleBob BuffPants_Squidward the Unfriendly Ghost.mp4","tmdb_id":null,"confidence":0,"reason":"no matching TV series id in candidates"}
{"at":"2026-09-16T17:41:34Z","path":"SpongeBob SquarePants/Season 1/12_The Chaperone_Employee of the Month.mp4","tmdb_id":null,"confidence":0,"reason":"no matching TV series id in candidates"}
{"at":"2026-09-16T17:41:34Z","path":"SpongeBob SquarePants/Season 1/13_Scaredy Pants_I Was a Teenage Gary.mp4","tmdb_id":null,"confidence":0,"reason":"no matching TV series id in candidates"}
{"at":"2026-09-16T17:41:34Z","path":"SpongeBob SquarePants/Season 1/14_SpongeBob 129_Karate Choppers.mp4","tmdb_id":null,"confidence":0,"reason":"no matching TV series id in candidates"}
{"at":"2026-09-16T17:41:34Z","path":"SpongeBob SquarePants/Season 1/15_Sleepy Time_Suds.mp4","tmdb_id":null,"confidence":0,"reason":"no matching TV series id in candidates"}
{"at":"2026-09-16T17:41:34Z","path":"SpongeBob SquarePants/Season 1/16_Valentine_s Day_The Paper.mp4","tmdb_id":null,"confidence":0,"reason":"no matching TV series id in candidates"}
{"at":"2026-09-16T17:41:34Z","path":"SpongeBob SquarePants/Season 1/17_Arrgh!_Rock Bottom.mp4","tmdb_id":null,"confidence":0,"reason":"no matching TV series id in candidates"}
{"at":"2026-09-16T17:41:34Z","path":"SpongeBob SquarePants/Season 1/18_Texas_Walking Small.mp4","tmdb_id":null,"confidence":0,"reason":"no matching TV series id in candidates"}
{"at":"2026-09-16T17:41:34Z","path":"SpongeBob SquarePants/Season 1/19_Fools in April_Neptune_s Spatula.mp4","tmdb_id":null,"confidence":0,"reason":"no matching TV series id in candidates"}
{"at":"2026-09-16T17:41:34Z","path":"SpongeBob SquarePants/Season 1/20_Hooky_Mermaidman and Barnacleboy II.mp4","tmdb_id":null,"confidence":0,"reason":"no matching TV series id in candidates"}
{"at":"2026-09-16T17:41:34Z","path":"SpongeBob SquarePants/Season 3/01_The Algae_s Always Greener_Sponge Guard on Duty.mp4","tmdb_id":null,"confidence":0,"reason":"no matching TV series id in candidates"}
{"at":"2026-09-16T17:41:34Z","path":"SpongeBob SquarePants/Season 3/02_Club Spongebob_My Pretty Seahorse.mp4","tmdb_id":null,"confidence":0,"reason":"no matching TV series id in candidates"}
{"at":"2026-09-16T17:41:34Z","path":"SpongeBob SquarePants/Season 3/03_The Bully_Just One Bite.mp4","tmdb_id":null,"confidence":0,"reason":"no matching TV series id in candidates"}
{"at":"2026-09-16T17:41:34Z","path":"SpongeBob SquarePants/Season 3/04_The Nasty Patty_The Idiot Box.mp4","tmdb_id":null,"confidence":0,"reason":"no matching TV series id in candidates"}
{"at":"2026-09-16T17:41:52Z","path":"SpongeBob SquarePants/Season 3/05_Mermaidman and Barnacle Boy IV_Doing Time.mp4","tmdb_id":null,"confidence":0,"reason":"no matching TV series id in candidates"}
{"at":"2026-09-16T17:41:52Z","path":"SpongeBob SquarePants/Season 3/06_The Snowball Effect_One Krab_s Trash.mp4","tmdb_id":null,"confidence":0,"reason":"no matching TV series id in candidates"}
{"at":"2026-09-16T17:41:52Z","path":"SpongeBob SquarePants/Season 3/07_As Seen On TV_Can You Spare A Dime.mp4","tmdb_id":null,"confidence":0,"reason":"no matching TV series id in candidates"}
{"at":"2026-09-16T17:41:52Z","path":"SpongeBob SquarePants/Season 3/08_No Weenies Allowed_Squilliam Returns.mp4","tmdb_id":null,"confidence":0,"reason":"no matching TV series id in candidates"}
{"at":"2026-09-16T17:41:52Z","path":"SpongeBob SquarePants/Season 3/09_Krab Borg!_Rock A Bi-Valve.mp4","tmdb_id":null,"confidence":0,"reason":"no matching TV series id in candidates"}
{"at":"2026-09-16T17:41:52Z","path":"SpongeBob SquarePants/Season 3/10_Wet Painters_Krusty Krab Training Video.mp4","tmdb_id":null,"confidence":0,"reason":"no matching TV series id in candidates"}
{"at":"2026-09-16T17:41:52Z","path":"SpongeBob SquarePants/Season 3/11_Spongebob_s House Party.mp4","tmdb_id":null,"confidence":0,"reason":"no matching TV series id in candidates"}
{"at":"2026-09-16T17:41:52Z","path":"SpongeBob SquarePants/Season 3/12_Chocolate With Nuts_Mermaid And Barnacle Boy V.mp4","tmdb_id":null,"confidence":0,"reason":"no matching TV series id in candidates"}
{"at":"2026-09-16T17:41:52Z","path":"SpongeBob SquarePants/Season 3/13_New Student Starfish_Clams.mp4","tmdb_id":null,"confidence":0,"reason":"no matching TV series id in candidates"}
{"at":"2026-09-16T17:41:52Z","path":"SpongeBob SquarePants/Season 3/14_Spongebob BC.mp4","tmdb_id":null,"confidence":0,"reason":"no matching TV series id in candidates"}
{"at":"2026-09-16T17:41:52Z","path":"SpongeBob SquarePants/Season 3/16_Born Again Krabs_I Had An Accident.mp4","tmdb_id":null,"confidence":0,"reason":"no matching TV series id in candidates"}
{"at":"2026-09-16T17:41:52Z","path":"SpongeBob SquarePants/Season 3/17_Krabby Land_The Camping Episode.mp4","tmdb_id":null,"confidence":0,"reason":"no matching TV series id in candidates"}
{"at":"2026-09-16T17:41:52Z","path":"SpongeBob SquarePants/Season 3/18_Missing Identity_Plankton_s Army.mp4","tmdb_id":null,"confidence":0,"reason":"no matching TV series id in candidates"}
{"at":"2026-09-16T17:41:52Z","path":"SpongeBob SquarePants/Season 3/19_The Sponge Who Could Fly_Lost Episode Patchy.mp4","tmdb_id":null,"confidence":0,"reason":"no matching TV series id in candidates"}
{"at":"2026-09-16T17:41:52Z","path":"SpongeBob SquarePants/Season 3/20_Spongebob Meets the Strangler_Pranks Alot.mp4","tmdb_id":null,"confidence":0,"reason":"no matching TV series id in candidates"}
{"at":"2026-09-16T17:41:52Z","path":"SpongeBob SquarePants/Season 3/21_The Great Snail Race_Gary In Love.mp4","tmdb_id":null,"confidence":0,"reason":"no matching TV series id in candidates"}
{"at":"2026-09-16T17:41:52Z","path":"SpongeBob SquarePants/Season 6/01_House Fancy_Krabby Road.mp4","tmdb_id":null,"confidence":0,"reason":"no matching TV series id in candidates"}
{"at":"2026-09-16T17:41:52Z","path":"SpongeBob SquarePants/Season 6/02_Giant Squidward_No Nose Knows.mp4","tmdb_id":null,"confidence":0,"reason":"no matching TV series id in candidates"}
{"at":"2026-09-16T17:41:52Z","path":"SpongeBob SquarePants/Season 6/03_A Life In A Day_Sun Bleached.mp4","tmdb_id":null,"confidence":0,"reason":"no matching TV series id in candidates"}
{"at":"2026-09-16T17:41:52Z","path":"SpongeBob SquarePants/Season 6/04_The Patty Caper_Plankton_s Regular.mp4","tmdb_id":null,"confidence":0,"reason":"no matching TV series id in candidates"}
{"at":"2026-09-16T17:41:52Z","path":"SpongeBob SquarePants/Season 6/05_Spongicus_Suctioncup Symphony.mp4","tmdb_id":null,"confidence":0,"reason":"no matching TV series id in candidates"}
{"at":"2026-09-16T17:41:52Z","path":"SpongeBob SquarePants/Season 6/05_The Splinter_Slide Whistle Stooges.mp4","tmdb_id":null,"confidence":0,"reason":"no matching TV series id in candidates"}
{"at":"2026-09-16T17:41:52Z","path":"SpongeBob SquarePants/Season 6/06_Not Normal_Gone.mp4","tmdb_id":null,"confidence":0,"reason":"no matching TV series id in candidates"}
{"at":"2026-09-16T17:41:52Z","path":"SpongeBob SquarePants/Season 6/07_Penny Foolish_Nautical Novice.mp4","tmdb_id":null,"confidence":0,"reason":"no matching TV series id in candidates"}
{"at":"2026-09-16T17:41:52Z","path":"SpongeBob SquarePants/Season 6/08_Boating Buddies_The Krabby Kronicle.mp4","tmdb_id":null,"confidence":0,"reason":"no matching TV series id in candidates"}
{"at":"2026-09-16T17:42:11Z","path":"SpongeBob SquarePants/Season 6/09_The Slumber Party_Grooming Gary.mp4","tmdb_id":null,"confidence":0,"reason":"no matching TV series id in candidates"}
{"at":"2026-09-16T17:42:11Z","path":"SpongeBob SquarePants/Season 6/10_Krusty Krushers_The Card.mp4","tmdb_id":null,"confidence":0,"reason":"no matching TV series id in candidates"}
{"at":"2026-09-16T17:42:11Z","path":"SpongeBob SquarePants/Season 6/11_Dear Vikings_Ditchin.mp4","tmdb_id":null,"confidence":0,"reason":"no matching TV series id in candidates"}
{"at":"2026-09-16T17:42:11Z","path":"SpongeBob SquarePants/Season 6/12_Truth or Square.mp4","tmdb_id":null,"confidence":0,"reason":"no matching TV series id in candidates"}
{"at":"2026-09-16T17:42:11Z","path":"SpongeBob SquarePants/Season 6/13_Grandpappy the Pirate_Cephalopod Lodge.mp4","tmdb_id":null,"confidence":0,"reason":"no matching TV series id in candidates"}
{"at":"2026-09-16T17:42:11Z","path":"SpongeBob SquarePants/Season 6/15_Pets or Pests_Komputer Overload.mp4","tmdb_id":null,"confidence":0,"reason":"no matching TV series id in candidates"}
{"at":"2026-09-16T17:42:11Z","path":"SpongeBob SquarePants/Season 6/16_SpongeBob SquarePants vs_ The Big One.mp4","tmdb_id":null,"confidence":0,"reason":"no matching TV series id in candidates"}
{"at":"2026-09-16T17:42:11Z","path":"SpongeBob SquarePants/Season 6/17_Shuffle Boarding_Professor Squidward.mp4","tmdb_id":null,"confidence":0,"reason":"no matching TV series id in candidates"}
{"at":"2026-09-16T17:42:11Z","path":"SpongeBob SquarePants/Season 6/18_Pineapple Fever_Chum Caverns.mp4","tmdb_id":null,"confidence":0,"reason":"no matching TV series id in candidates"}
{"at":"2026-09-16T17:42:11Z","path":"SpongeBob SquarePants/Season 6/19_Gullible Pants_Overbooked.mp4","tmdb_id":null,"confidence":0,"reason":"no matching TV series id in candidates"}
{"at":"2026-09-16T17:42:11Z","path":"SpongeBob SquarePants/Season 6/20_Porous Pockets_Choir Boys.mp4","tmdb_id":null,"confidence":0,"reason":"no matching TV series id in candidates"}
{"at":"2026-09-16T17:42:11Z","path":"SpongeBob SquarePants/Season 6/21_Sand Castles in the Sand_Shell Shocked.mp4","tmdb_id":null,"confidence":0,"reason":"no matching TV series id in candidates"}
{"at":"2026-09-16T17:42:11Z","path":"SpongeBob SquarePants/Season 6/21_Squid_s Visit_To Squarepants or Not To Square Pants.mp4","tmdb_id":null,"confidence":0,"reason":"no matching TV series id in candidates"}
{"at":"2026-09-16T17:42:11Z","path":"SpongeBob SquarePants/Season 6/22_Chum Bucket Supreme_Single Cell Anniversary.mp4","tmdb_id":null,"confidence":0,"reason":"no matching TV series id in candidates"}
{"at":"2026-09-16T17:42:11Z","path":"SpongeBob SquarePants/Season 6/23_No Hat for Pat_Toy Store Of Doom.mp4","tmdb_id":null,"confidence":0,"reason":"no matching TV series id in candidates"}
{"at":"2026-09-16T17:42:11Z","path":"SpongeBob SquarePants/Season 6/25_The Clash of Triton.mp4","tmdb_id":null,"confidence":0,"reason":"no matching TV series id in candidates"}
{"at":"2026-09-16T17:42:11Z","path":"SpongeBob SquarePants/Season 5/01_Friend or Foe.mp4","tmdb_id":null,"confidence":0,"reason":"no matching TV series id in candidates"}
{"at":"2026-09-16T17:42:11Z","path":"SpongeBob SquarePants/Season 5/02_The Original Fry Cook_Night Light.mp4","tmdb_id":null,"confidence":0,"reason":"no matching TV series id in candidates"}
{"at":"2026-09-16T17:42:11Z","path":"SpongeBob SquarePants/Season 5/03_Rise and Shine & Waiting_Fungus Among Us.mp4","tmdb_id":null,"confidence":0,"reason":"no matching TV series id in candidates"}
{"at":"2026-09-16T17:42:11Z","path":"SpongeBob SquarePants/Season 5/04_SpyBob_ Boat Smarts _ Good Old Whatshisname.mp4","tmdb_id":null,"confidence":0,"reason":"no matching TV series id in candidates"}
{"at":"2026-09-16T17:42:11Z","path":"SpongeBob SquarePants/Season 5/05_New Digs_Krabs a la Mode.mp4","tmdb_id":null,"confidence":0,"reason":"no matching TV series id in candidates"}
{"at":"2026-09-16T17:42:11Z","path":"SpongeBob SquarePants/Season 5/06_Roller Cowards_Bucket Sweet Bucket.mp4","tmdb_id":null,"confidence":0,"reason":"no matching TV series id in candidates"}
{"at":"2026-09-16T17:42:11Z","path":"SpongeBob SquarePants/Season 5/07_To Love A Patty_Breath of A Fresh Squidward.mp4","tmdb_id":null,"confidence":0,"reason":"no matching TV series id in candidates"}
{"at":"2026-09-16T17:42:11Z","path":"SpongeBob SquarePants/Season 5/08_Money Talks_Spongebob Vs The Patty Gadget_Slimy Dancing.mp4","tmdb_id":null,"confidence":0,"reason":"no matching TV series id in candidates"}
{"at":"2026-09-16T17:42:11Z","path":"SpongeBob SquarePants/Season 5/09_The Krusty Sponge_Sing a Song of Patrick.mp4","tmdb_id":null,"confidence":0,"reason":"no matching TV series id in candidates"}
{"at":"2026-09-16T17:42:30Z","path":"SpongeBob SquarePants/Season 5/10_A Flea In Her Dome_Donut Of Shame_The Krusty Plate.mp4","tmdb_id":null,"confidence":0,"reason":"no matching TV series in candidates"}
{"at":"2026-09-16T17:42:30Z","path":"SpongeBob SquarePants/Season 5/11_Blackened Sponge_Mermaid Man vs_ Sponge.mp4","tmdb_id":null,"confidence":0,"reason":"no matching TV series in candidates"}
{"at":"2026-09-16T17:42:30Z","path":"SpongeBob SquarePants/Season 5/12_Atlantis Squarepantis.mp4","tmdb_id":null,"confidence":0,"reason":"no matching TV series in candidates"}
{"at":"2026-09-16T17:42:30Z","path":"SpongeBob SquarePants/Season 5/13_The Inmates of Summer_To Save a Squirrel.mp4","tmdb_id":null,"confidence":0,"reason":"no matching TV series in candidates"}
{"at":"2026-09-16T17:42:30Z","path":"SpongeBob SquarePants/Season 5/14_20,000 Patties Under the Sea_The Battle of Bikini Bottom.mp4","tmdb_id":null,"confidence":0,"reason":"no matching TV series in candidates"}
{"at":"2026-09-16T17:42:30Z","path":"SpongeBob SquarePants/Season 5/15_Picture Day_Pat No Pay_Blackjack.mp4","tmdb_id":null,"confidence":0,"reason":"no matching TV series in candidates"}
{"at":"2026-09-16T17:42:30Z","path":"SpongeBob SquarePants/Season 5/16_Banned in Bikini Bottom_Stanely S_ Squarepants.mp4","tmdb_id":null,"confidence":0,"reason":"no matching TV series in candidates"}
{"at":"2026-09-16T17:42:30Z","path":"SpongeBob SquarePants/Season 5/17_The Pest of the West.mp4","tmdb_id":null,"confidence":0,"reason":"no matching TV series in candidates"}
{"at":"2026-09-16T17:42:30Z","path":"SpongeBob SquarePants/Season 5/18_What Ever Happened to SpongeBob.mp4","tmdb_id":null,"confidence":0,"reason":"no matching TV series in candidates"}
{"at":"2026-09-16T17:42:30Z","path":"SpongeBob SquarePants/Season 5/19_The Two Faces of Squidward_Spongehenge.mp4","tmdb_id":null,"confidence":0,"reason":"no matching TV series in candidates"}
{"at":"2026-09-16T17:42:30Z","path":"SpongeBob SquarePants/Season 5/20_Goo Goo Gas_Le Big Switch.mp4","tmdb_id":null,"confidence":0,"reason":"no matching TV series in candidates"}
{"at":"2026-09-16T17:42:30Z","path":"SpongeBob SquarePants/Season 4/01_Fear Of A Krabby Patty_Shell Of A Man.mp4","tmdb_id":null,"confidence":0,"reason":"no matching TV series in candidates"}
{"at":"2026-09-16T17:42:30Z","path":"SpongeBob SquarePants/Season 4/02_The Lost Mattress_Krabs VS Plankton.mp4","tmdb_id":null,"confidence":0,"reason":"no matching TV series in candidates"}
{"at":"2026-09-16T17:42:30Z","path":"SpongeBob SquarePants/Season 4/03_Have You Seen This Snail.mp4","tmdb_id":null,"confidence":0,"reason":"no matching TV series in candidates"}
{"at":"2026-09-16T17:42:30Z","path":"SpongeBob SquarePants/Season 4/04_Good Neighbor_Skill Crane.mp4","tmdb_id":null,"confidence":0,"reason":"no matching TV series in candidates"}
{"at":"2026-09-16T17:42:30Z","path":"SpongeBob SquarePants/Season 4/05_Selling Out_Funny Pants.mp4","tmdb_id":null,"confidence":0,"reason":"no matching TV series in candidates"}
{"at":"2026-09-16T17:42:30Z","path":"SpongeBob SquarePants/Season 4/06_Dunces And Dragons.mp4","tmdb_id":null,"confidence":0,"reason":"no matching TV series in candidates"}
{"at":"2026-09-16T17:42:30Z","path":"SpongeBob SquarePants/Season 4/07_Enemy In-Law_Mermaidman and Barnacleboy VI - THE MOTION PICTURE.mp4","tmdb_id":null,"confidence":0,"reason":"no matching TV series in candidates"}
{"at":"2026-09-16T17:42:30Z","path":"SpongeBob SquarePants/Season 4/08_Patrick Smartpants_Squidbob Tenaclepants.mp4","tmdb_id":null,"confidence":0,"reason":"no matching TV series in candidates"}
{"at":"2026-09-16T17:42:30Z","path":"SpongeBob SquarePants/Season 4/09_Krusty Towers_Mrs_ Puff, You_re Fired.mp4","tmdb_id":null,"confidence":0,"reason":"no matching TV series in candidates"}
{"at":"2026-09-16T17:42:30Z","path":"SpongeBob SquarePants/Season 4/10_Ghost Host_Chimps Ahoy.mp4","tmdb_id":null,"confidence":0,"reason":"no matching TV series in candidates"}
{"at":"2026-09-16T17:42:30Z","path":"SpongeBob SquarePants/Season 4/11_Whale Of A Birthday_Karate Island.mp4","tmdb_id":null,"confidence":0,"reason":"no matching TV series in candidates"}
{"at":"2026-09-16T17:42:30Z","path":"SpongeBob SquarePants/Season 4/12_All That Glitters_Wishing You Well.mp4","tmdb_id":null,"confidence":0,"reason":"no matching TV series in candidates"}
{"at":"2026-09-16T17:42:30Z","path":"SpongeBob SquarePants/Season 4/13_The New Leaf_Once Bitten.mp4","tmdb_id":null,"confidence":0,"reason":"no matching TV series in candidates"}
{"at":"2026-09-16T17:42:30Z","path":"SpongeBob SquarePants/Season 4/14_Bummer Vacation_Wigstuck.mp4","tmdb_id":null,"confidence":0,"reason":"no matching TV series in candidates"}
{"at":"2026-09-16T17:42:46Z","path":"SpongeBob SquarePants/Season 4/15_Squidtastic Voyage_That_s No Lady.mp4","tmdb_id":null,"confidence":0,"reason":"no matching TV series id in candidates"}
{"at":"2026-09-16T17:42:46Z","path":"SpongeBob SquarePants/Season 4/16_The Thing_Hocus Pocus.mp4","tmdb_id":null,"confidence":0,"reason":"no matching TV series id in candidates"}
{"at":"2026-09-16T17:42:46Z","path":"SpongeBob SquarePants/Season 4/17_Driven To Tears_Rule Of Dumb.mp4","tmdb_id":null,"confidence":0,"reason":"no matching TV series id in candidates"}
{"at":"2026-09-16T17:42:46Z","path":"SpongeBob SquarePants/Season 4/18_Born To Be Wild_Best Frenemies.mp4","tmdb_id":null,"confidence":0,"reason":"no matching TV series id in candidates"}
{"at":"2026-09-16T17:42:46Z","path":"SpongeBob SquarePants/Season 4/19_The Pink Purloiner_Squid Wood.mp4","tmdb_id":null,"confidence":0,"reason":"no matching TV series id in candidates"}
{"at":"2026-09-16T17:42:46Z","path":"SpongeBob SquarePants/Season 4/20_The Best Day Ever_The Gift Of Gum.mp4","tmdb_id":null,"confidence":0,"reason":"no matching TV series id in candidates"}
{"at":"2026-09-16T17:42:46Z","path":"SpongeBob SquarePants/Season 7/12_The Play's The Thing_Rodeo Daze.mp4","tmdb_id":null,"confidence":0,"reason":"no matching TV series id in candidates"}
{"at":"2026-09-16T17:42:46Z","path":"SpongeBob SquarePants/Season 7/05_Keep Bikini Bottom Beautiful_A Pal for Gary.mp4","tmdb_id":null,"confidence":0,"reason":"no matching TV series id in candidates"}
{"at":"2026-09-16T17:42:46Z","path":"SpongeBob SquarePants/Season 7/23_You Don't Know Sponge_Tunnel of Glove.mp4","tmdb_id":null,"confidence":0,"reason":"no matching TV series id in candidates"}
{"at":"2026-09-16T17:42:46Z","path":"SpongeBob SquarePants/Season 7/07_The Curse of Bikini Bottom_Squidward in Clarinetland.mp4","tmdb_id":null,"confidence":0,"reason":"no matching TV series id in candidates"}
{"at":"2026-09-16T17:42:46Z","path":"SpongeBob SquarePants/Season 7/18_That Sinking Feeling_Karate Star.mp4","tmdb_id":null,"confidence":0,"reason":"no matching TV series id in candidates"}
{"at":"2026-09-16T17:42:46Z","path":"SpongeBob SquarePants/Season 7/24_Krusty Dogs_The Wreck of the Mauna Loa.mp4","tmdb_id":null,"confidence":0,"reason":"no matching TV series id in candidates"}
{"at":"2026-09-16T17:42:46Z","path":"SpongeBob SquarePants/Season 7/01_Tentacle-Vision_I Heart Dancing.mp4","tmdb_id":null,"confidence":0,"reason":"no matching TV series id in candidates"}
{"at":"2026-09-16T17:42:46Z","path":"SpongeBob SquarePants/Season 7/08_SpongeBob's Last Stand.mp4","tmdb_id":null,"confidence":0,"reason":"no matching TV series id in candidates"}
{"at":"2026-09-16T17:42:46Z","path":"SpongeBob SquarePants/Season 7/17_The Great Patty Caper.mp4","tmdb_id":null,"confidence":0,"reason":"no matching TV series id in candidates"}
{"at":"2026-09-16T17:42:46Z","path":"SpongeBob SquarePants/Season 7/14_The Monster Who Came to Bikini Bottom_Welcome to the Bikini Bottom Triangle.mp4","tmdb_id":null,"confidence":0,"reason":"no matching TV series id in candidates"}
{"at":"2026-09-16T17:42:46Z","path":"SpongeBob SquarePants/Season 7/10_A Day Without Tears_Summer Job.mp4","tmdb_id":null,"confidence":0,"reason":"no matching TV series id in candidates"}
{"at":"2026-09-16T17:42:46Z","path":"SpongeBob SquarePants/Season 7/20_The Abrasive Side_Ear Worm.mp4","tmdb_id":null,"confidence":0,"reason":"no matching TV series id in candidates"}
{"at":"2026-09-16T17:42:46Z","path":"SpongeBob SquarePants/Season 7/19_Buried in Time_Enchanted Tiki Dreams.mp4","tmdb_id":null,"confidence":0,"reason":"no matching TV series id in candidates"}
{"at":"2026-09-16T17:42:46Z","path":"SpongeBob SquarePants/Season 7/09_Back to the Past_The Bad Guy Club for Villains.mp4","tmdb_id":null,"confidence":0,"reason":"no matching TV series id in candidates"}
{"at":"2026-09-16T17:42:46Z","path":"SpongeBob SquarePants/Season 7/15_The Curse of the Hex_The Main Drain.mp4","tmdb_id":null,"confidence":0,"reason":"no matching TV series id in candidates"}
{"at":"2026-09-16T17:42:46Z","path":"SpongeBob SquarePants/Season 7/02_Growth Spout_Stuck in the Wringer.mp4","tmdb_id":null,"confidence":0,"reason":"no matching TV series id in candidates"}
{"at":"2026-09-16T17:42:46Z","path":"SpongeBob SquarePants/Season 7/22_The Masterpiece_Whelk Attack.mp4","tmdb_id":null,"confidence":0,"reason":"no matching TV series id in candidates"}
{"at":"2026-09-16T17:42:46Z","path":"SpongeBob SquarePants/Season 7/04_Greasy Buffoons_Model Sponge.mp4","tmdb_id":null,"confidence":0,"reason":"no matching TV series id in candidates"}
{"at":"2026-09-16T17:42:46Z","path":"SpongeBob SquarePants/Season 7/26_Big Sister Sam_Perfect Chemistry.mp4","tmdb_id":null,"confidence":0,"reason":"no matching TV series id in candidates"}
{"at":"2026-09-16T18:07:12Z","path":"The Twilight Saga - Breaking Dawn 1 (purchased).mp4","tmdb_id":null,"confidence":0,"reason":"no TMDB candidates"}
{"at":"2026-09-16T18:07:13Z","path":"The Twilight Saga - Breaking Dawn 2 (purchased).mp4","tmdb_id":null,"confidence":0,"reason":"no TMDB candidates"}
{"at":"2026-09-16T18:07:13Z","path":"The Twilight Saga - Eclipse (purchased).mp4","tmdb_id":null,"confidence":0,"reason":"no TMDB candidates"}
{"at":"2026-09-16T18:07:14Z","path":"The Twilight Saga - New Moon (purchased).mp4","tmdb_id":null,"confidence":0,"reason":"no TMDB candidates"}
{"at":"2026-09-16T18:07:14Z","path":"The Twilight Saga - Twilight (purchased).mp4","tmdb_id":null,"confidence":0,"reason":"no TMDB candidates"}
{"at":"2026-09-16T18:07:14Z","path":"Star Wars Ep III - Revenge of the Sith.mkv","tmdb_id":null,"confidence":0,"reason":"no TMDB candidates"}
{"at":"2026-09-16T18:07:15Z","path":"Star Wars Ep I - The Phantom Menace.m4v","tmdb_id":null,"confidence":0,"reason":"no TMDB candidates"}
{"at":"2026-09-16T18:07:15Z","path":"Star Wars Ep IV - A New Hope.mkv","tmdb_id":null,"confidence":0,"reason":"no TMDB candidates"}
{"at":"2026-09-16T18:07:15Z","path":"Star Wars Ep V - The Empire Strikes Back.mkv","tmdb_id":null,"confidence":0,"reason":"no TMDB candidates"}
{"at":"2026-09-16T18:07:16Z","path":"Star Wars Ep VI - Return of the Jedi.mkv","tmdb_id":null,"confidence":0,"reason":"no TMDB candidates"}
{"at":"2026-09-16T18:07:16Z","path":"Star Wars Ep VI - Return of the Jedi (original).mp4","tmdb_id":null,"confidence":0,"reason":"no TMDB candidates"}
{"at":"2026-09-16T18:07:17Z","path":"Star Wars Ep VII - The Force Awakens.mkv","tmdb_id":null,"confidence":0,"reason":"no TMDB candidates"}
{"at":"2026-09-16T18:07:17Z","path":"Star Wars Ep VIII - The Rise of Skywalker.m4v","tmdb_id":null,"confidence":0,"reason":"no TMDB candidates"}
{"at":"2026-09-16T18:07:17Z","path":"Star Wars Ep  II - Attack of the Clones.m4v","tmdb_id":null,"confidence":0,"reason":"no TMDB candidates"}
{"at":"2026-09-16T18:07:18Z","path":"An American Carol (netflix).mp4","tmdb_id":null,"confidence":0,"reason":"no TMDB candidates"}
{"at":"2026-09-16T18:07:18Z","path":"Role Models (Unrated).mp4","tmdb_id":null,"confidence":0,"reason":"no TMDB candidates"}
{"at":"2026-09-16T18:07:18Z","path":"Forgetting Sarah Marshall (Unrated).mp4","tmdb_id":null,"confidence":0,"reason":"no TMDB candidates"}
{"at":"2026-09-16T18:07:19Z","path":"Reno 911 - Miami (Unrated Version).mp4","tmdb_id":null,"confidence":0,"reason":"no TMDB candidates"}
{"at":"2026-09-16T18:07:19Z","path":"Resident Evil (4K).mp4","tmdb_id":null,"confidence":0,"reason":"no TMDB candidates"}
{"at":"2026-09-16T18:07:20Z","path":"The Naked Gun 33 and a Third.mp4","tmdb_id":null,"confidence":0,"reason":"no TMDB candidates"}
{"at":"2026-09-16T18:07:20Z","path":"Ghost in the Shell - remastered.mp4","tmdb_id":null,"confidence":0,"reason":"no TMDB candidates"}
{"at":"2026-09-16T18:07:21Z","path":"The Twilight Saga - Twilight.m4v","tmdb_id":null,"confidence":0,"reason":"no matching title/year"}
{"at":"2026-09-16T18:07:21Z","path":"Wall-E.m4v","tmdb_id":null,"confidence":0,"reason":"no matching title/year"}
{"at":"2026-09-16T18:07:21Z","path":"Alien 3.mp4","tmdb_id":null,"confidence":0,"reason":"no matching title/year"}
{"at":"2026-09-16T18:07:21Z","path":"Holmes and Watson.mp4","tmdb_id":null,"confidence":0,"reason":"no matching title/year"}
{"at":"2026-09-16T18:07:22Z","path":"Brickleberry/Season 1/01 Welcome To Brickleberry.mov","tmdb_id":null,"confidence":0,"reason":"no TMDB candidates"}
{"at":"2026-09-16T18:07:22Z","path":"Brickleberry/Season 1/02 Two Weeks Notice.mov","tmdb_id":null,"confidence":0,"reason":"no TMDB candidates"}
{"at":"2026-09-16T18:07:23Z","path":"Brickleberry/Season 1/03 Saved By The Balls.mov","tmdb_id":null,"confidence":0,"reason":"no TMDB candidates"}
{"at":"2026-09-16T18:07:23Z","path":"Brickleberry/Season 1/04 Squabbits.mov","tmdb_id":null,"confidence":0,"reason":"no TMDB candidates"}
{"at":"2026-09-16T18:07:23Z","path":"Brickleberry/Season 1/05 Race Off.mov","tmdb_id":null,"confidence":0,"reason":"no TMDB candidates"}
{"at":"2026-09-16T18:07:24Z","path":"Brickleberry/Season 1/06 Gay Bomb.mov","tmdb_id":null,"confidence":0,"reason":"no TMDB candidates"}
{"at":"2026-09-16T18:07:24Z","path":"Brickleberry/Season 1/07 Hello Dottie.mov","tmdb_id":null,"confidence":0,"reason":"no TMDB candidates"}
{"at":"2026-09-16T18:07:25Z","path":"Brickleberry/Season 1/08 Steves Bald.mov","tmdb_id":null,"confidence":0,"reason":"no TMDB candidates"}
{"at":"2026-09-16T18:07:25Z","path":"Brickleberry/Season 1/09 Daddy Issues.mov","tmdb_id":null,"confidence":0,"reason":"no TMDB candidates"}
{"at":"2026-09-16T18:07:25Z","path":"Brickleberry/Season 1/10 The Dam Show.mov","tmdb_id":null,"confidence":0,"reason":"no TMDB candidates"}
{"at":"2026-09-16T18:07:26Z","path":"Brickleberry/Season 2/01 Miracle Lake.mov","tmdb_id":null,"confidence":0,"reason":"no TMDB candidates"}
{"at":"2026-09-16T18:07:26Z","path":"Brickleberry/Season 2/02 The Comeback.mov","tmdb_id":null,"confidence":0,"reason":"no TMDB candidates"}
{"at":"2026-09-16T18:07:26Z","path":"Brickleberry/Season 2/03 Woodys Girl.mov","tmdb_id":null,"confidence":0,"reason":"no TMDB candidates"}
{"at":"2026-09-16T18:07:27Z","path":"Brickleberry/Season 2/04 Brickleberry Trailer Park.mov","tmdb_id":null,"confidence":0,"reason":"no TMDB candidates"}
{"at":"2026-09-16T18:07:27Z","path":"Brickleberry/Season 2/06 Ranger Games.mov","tmdb_id":null,"confidence":0,"reason":"no TMDB candidates"}
{"at":"2026-09-16T18:07:27Z","path":"Brickleberry/Season 2/07 My Way Or The Highway.mov","tmdb_id":null,"confidence":0,"reason":"no TMDB candidates"}
{"at":"2026-09-16T18:07:28Z","path":"Brickleberry/Season 2/08 Little Boy Malloy.mov","tmdb_id":null,"confidence":0,"reason":"no TMDB candidates"}
{"at":"2026-09-16T18:07:28Z","path":"Brickleberry/Season 2/10 Scared Straight.mov","tmdb_id":null,"confidence":0,"reason":"no TMDB candidates"}
{"at":"2026-09-16T18:07:28Z","path":"Brickleberry/Season 2/11 Trip To Mars.mov","tmdb_id":null,"confidence":0,"reason":"no TMDB candidates"}
{"at":"2026-09-16T18:07:29Z","path":"Brickleberry/Season 2/12 My Favorite Bear.mov","tmdb_id":null,"confidence":0,"reason":"no TMDB candidates"}
{"at":"2026-09-16T18:07:29Z","path":"Brickleberry/Season 2/13 A-park-a-lypse.mov","tmdb_id":null,"confidence":0,"reason":"no TMDB candidates"}
{"at":"2026-09-16T18:07:29Z","path":"Brickleberry/Season 3/01 Obamascare.mov","tmdb_id":null,"confidence":0,"reason":"no TMDB candidates"}
{"at":"2026-09-16T18:07:30Z","path":"Brickleberry/Season 3/02 In Da Club.mov","tmdb_id":null,"confidence":0,"reason":"no TMDB candidates"}
{"at":"2026-09-16T18:07:30Z","path":"Brickleberry/Season 3/03 Miss National Park.mov","tmdb_id":null,"confidence":0,"reason":"no TMDB candidates"}
{"at":"2026-09-16T18:07:30Z","path":"Brickleberry/Season 3/04 That Brothers My Father.mov","tmdb_id":null,"confidence":0,"reason":"no TMDB candidates"}
{"at":"2026-09-16T18:07:31Z","path":"Brickleberry/Season 3/06 Old Wounds.mov","tmdb_id":null,"confidence":0,"reason":"no TMDB candidates"}
{"at":"2026-09-16T18:07:31Z","path":"Brickleberry/Season 3/07 Baby Daddy.mov","tmdb_id":null,"confidence":0,"reason":"no TMDB candidates"}
{"at":"2026-09-16T18:07:32Z","path":"Brickleberry/Season 3/08 Steve the Fearless Pirate.mov","tmdb_id":null,"confidence":0,"reason":"no TMDB candidates"}
{"at":"2026-09-16T18:07:32Z","path":"Brickleberry/Season 3/09 High Stakes.mov","tmdb_id":null,"confidence":0,"reason":"no TMDB candidates"}
{"at":"2026-09-16T18:07:32Z","path":"Brickleberry/Season 3/10 Amber Alert.mov","tmdb_id":null,"confidence":0,"reason":"no TMDB candidates"}
{"at":"2026-09-16T18:07:33Z","path":"Brickleberry/Season 3/11 Cops and Bottoms.mov","tmdb_id":null,"confidence":0,"reason":"no TMDB candidates"}
{"at":"2026-09-16T18:07:33Z","path":"Brickleberry/Season 3/12 Campin Aint Easy.mov","tmdb_id":null,"confidence":0,"reason":"no TMDB candidates"}
{"at":"2026-09-16T18:07:33Z","path":"Brickleberry/Season 3/13 Global Warming.mov","tmdb_id":null,"confidence":0,"reason":"no TMDB candidates"}
{"at":"2026-09-16T18:07:38Z","path":"Cowboy Bebop/01 Asteroid Blues.mp4","tmdb_id":null,"confidence":0,"reason":"no matching TV series id"}
{"at":"2026-09-16T18:07:38Z","path":"Cowboy Bebop/02 Stray Dog Strut.mp4","tmdb_id":null,"confidence":0,"reason":"no matching TV series id"}
{"at":"2026-09-16T18:07:38Z","path":"Cowboy Bebop/03 Honky Tonk Woman.mp4","tmdb_id":null,"confidence":0,"reason":"no matching TV series id"}
{"at":"2026-09-16T18:07:38Z","path":"Cowboy Bebop/04 Gateway Shuffle.mp4","tmdb_id":null,"confidence":0,"reason":"no matching TV series id"}
{"at":"2026-09-16T18:07:38Z","path":"Cowboy Bebop/05 Ballad of Fallen Angels.mp4","tmdb_id":null,"confidence":0,"reason":"no matching TV series id"}
{"at":"2026-09-16T18:07:38Z","path":"Cowboy Bebop/06 Sympathy for the Devil.mp4","tmdb_id":null,"confidence":0,"reason":"no matching TV series id"}
{"at":"2026-09-16T18:07:38Z","path":"Cowboy Bebop/07 Heavy Metal Queen.mp4","tmdb_id":null,"confidence":0,"reason":"no matching TV series id"}
{"at":"2026-09-16T18:07:38Z","path":"Cowboy Bebop/08 Waltz for Venus.mp4","tmdb_id":null,"confidence":0,"reason":"no matching TV series id"}
{"at":"2026-09-16T18:07:38Z","path":"Cowboy Bebop/09 Jamming with Edward.mp4","tmdb_id":null,"confidence":0,"reason":"no matching TV series id"}
{"at":"2026-09-16T18:07:38Z","path":"Cowboy Bebop/10 Ganymede Elegy.mp4","tmdb_id":null,"confidence":0,"reason":"no matching TV series id"}
{"at":"2026-09-16T18:07:38Z","path":"Cowboy Bebop/11 Toys in the Attic.mp4","tmdb_id":null,"confidence":0,"reason":"no matching TV series id"}
{"at":"2026-09-16T18:07:38Z","path":"Cowboy Bebop/12 Jupiter Jazz part 1.mp4","tmdb_id":null,"confidence":0,"reason":"no matching TV series id"}
{"at":"2026-09-16T18:07:38Z","path":"Cowboy Bebop/13 Jupiter Jazz part 2.mp4","tmdb_id":null,"confidence":0,"reason":"no matching TV series id"}
{"at":"2026-09-16T18:07:38Z","path":"Cowboy Bebop/14 Bohemian Rhapsody.mp4","tmdb_id":null,"confidence":0,"reason":"no matching TV series id"}
{"at":"2026-09-16T18:07:38Z","path":"Cowboy Bebop/15 My Funny Valentine.mp4","tmdb_id":null,"confidence":0,"reason":"no matching TV series id"}
{"at":"2026-09-16T18:07:38Z","path":"Cowboy Bebop/16 Black Dog Serenade.mp4","tmdb_id":null,"confidence":0,"reason":"no matching TV series id"}
{"at":"2026-09-16T18:07:38Z","path":"Cowboy Bebop/17 Mushroom Samba.mp4","tmdb_id":null,"confidence":0,"reason":"no matching TV series id"}
{"at":"2026-09-16T18:07:45Z","path":"Cowboy Bebop/18 Speak Like a Child.mp4","tmdb_id":null,"confidence":0,"reason":"no matching TV series id in candidates"}
{"at":"2026-09-16T18:07:45Z","path":"Cowboy Bebop/19 Wild Horses.mp4","tmdb_id":null,"confidence":0,"reason":"no matching TV series id in candidates"}
{"at":"2026-09-16T18:07:45Z","path":"Cowboy Bebop/20 Pierrot Le Fou.mp4","tmdb_id":null,"confidence":0,"reason":"no matching TV series id in candidates"}
{"at":"2026-09-16T18:07:45Z","path":"Cowboy Bebop/21 Boogie-Woogie Feng-Shui.mp4","tmdb_id":null,"confidence":0,"reason":"no matching TV series id in candidates"}
{"at":"2026-09-16T18:07:45Z","path":"Cowboy Bebop/22 Cowboy Funk.mp4","tmdb_id":null,"confidence":0,"reason":"no matching TV series id in candidates"}
{"at":"2026-09-16T18:07:45Z","path":"Cowboy Bebop/23 Brain Scratch.mp4","tmdb_id":null,"confidence":0,"reason":"no matching TV series id in candidates"}
{"at":"2026-09-16T18:07:45Z","path":"Cowboy Bebop/24 Hard Luck Woman.mp4","tmdb_id":null,"confidence":0,"reason":"no matching TV series id in candidates"}
{"at":"2026-09-16T18:07:45Z","path":"Cowboy Bebop/25 The Real Folk Blues part 1.mp4","tmdb_id":null,"confidence":0,"reason":"no matching TV series id in candidates"}
{"at":"2026-09-16T18:07:45Z","path":"Cowboy Bebop/26 The Real Folk Blues part 2.mp4","tmdb_id":null,"confidence":0,"reason":"no matching TV series id in candidates"}
{"at":"2026-09-16T18:07:45Z","path":"Futurama/Season 01/01 Space Pilot 3000.mp4","tmdb_id":null,"confidence":0,"reason":"no matching TV series id in candidates"}
{"at":"2026-09-16T18:07:45Z","path":"Futurama/Season 01/02 The Series Has Landed.mp4","tmdb_id":null,"confidence":0,"reason":"no matching TV series id in candidates"}
{"at":"2026-09-16T18:07:45Z","path":"Futurama/Season 01/03 I Roomate.mp4","tmdb_id":null,"confidence":0,"reason":"no matching TV series id in candidates"}
{"at":"2026-09-16T18:07:45Z","path":"Futurama/Season 01/04 Loves Labours Lost In Space.mp4","tmdb_id":null,"confidence":0,"reason":"no matching TV series id in candidates"}
{"at":"2026-09-16T18:07:45Z","path":"Futurama/Season 01/05 Fear of a Bot Planet.mp4","tmdb_id":null,"confidence":0,"reason":"no matching TV series id in candidates"}
{"at":"2026-09-16T18:07:45Z","path":"Futurama/Season 01/06 A Fishful of Dollars.mp4","tmdb_id":null,"confidence":0,"reason":"no matching TV series id in candidates"}
{"at":"2026-09-16T18:07:45Z","path":"Futurama/Season 01/07 My Three Suns.mp4","tmdb_id":null,"confidence":0,"reason":"no matching TV series id in candidates"}
{"at":"2026-09-16T18:07:45Z","path":"Futurama/Season 01/08 A Big Piece of Garbage.mp4","tmdb_id":null,"confidence":0,"reason":"no matching TV series id in candidates"}
{"at":"2026-09-16T18:07:45Z","path":"Futurama/Season 01/09 Hell Is Other Robots.mp4","tmdb_id":null,"confidence":0,"reason":"no matching TV series id in candidates"}
{"at":"2026-09-16T18:07:45Z","path":"Futurama/Season 01/10 A Flight to Remember.mp4","tmdb_id":null,"confidence":0,"reason":"no matching TV series id in candidates"}
{"at":"2026-09-16T18:07:45Z","path":"Futurama/Season 01/11 Mars University.mp4","tmdb_id":null,"confidence":0,"reason":"no matching TV series id in candidates"}
{"at":"2026-09-16T18:07:45Z","path":"Futurama/Season 01/12 When Aliens Attack.mp4","tmdb_id":null,"confidence":0,"reason":"no matching TV series id in candidates"}
{"at":"2026-09-16T18:07:45Z","path":"Futurama/Season 01/13 Fry and the Slurm Factory.mp4","tmdb_id":null,"confidence":0,"reason":"no matching TV series id in candidates"}
{"at":"2026-09-16T18:07:45Z","path":"Futurama/Season 02/01 I Second That Emotion.mp4","tmdb_id":null,"confidence":0,"reason":"no matching TV series id in candidates"}
{"at":"2026-09-16T18:07:45Z","path":"Futurama/Season 02/02 Brannigan Begin Again.mp4","tmdb_id":null,"confidence":0,"reason":"no matching TV series id in candidates"}
{"at":"2026-09-16T18:07:45Z","path":"Futurama/Season 02/03 A Head in the Polls.mp4","tmdb_id":null,"confidence":0,"reason":"no matching TV series id in candidates"}
{"at":"2026-09-16T18:07:53Z","path":"Futurama/Season 02/04 X-Mas Story.mp4","tmdb_id":null,"confidence":0,"reason":"no matching TV episode id in candidates"}
{"at":"2026-09-16T18:07:53Z","path":"Futurama/Season 02/05 Why Must I Be a Crustacean In Love.mp4","tmdb_id":null,"confidence":0,"reason":"no matching TV episode id in candidates"}
{"at":"2026-09-16T18:07:53Z","path":"Futurama/Season 02/06 The Lesser of Two Evils.mp4","tmdb_id":null,"confidence":0,"reason":"no matching TV episode id in candidates"}
{"at":"2026-09-16T18:07:53Z","path":"Futurama/Season 02/07 Put Your Head On My Shoulder.mp4","tmdb_id":null,"confidence":0,"reason":"no matching TV episode id in candidates"}
{"at":"2026-09-16T18:07:53Z","path":"Futurama/Season 02/08 Raging Bender.mp4","tmdb_id":null,"confidence":0,"reason":"no matching TV episode id in candidates"}
{"at":"2026-09-16T18:07:53Z","path":"Futurama/Season 02/09 A Bicyclops Built For Two.mp4","tmdb_id":null,"confidence":0,"reason":"no matching TV episode id in candidates"}
{"at":"2026-09-16T18:07:53Z","path":"Futurama/Season 02/10 A Clone of My Own.mp4","tmdb_id":null,"confidence":0,"reason":"no matching TV episode id in candidates"}
{"at":"2026-09-16T18:07:53Z","path":"Futurama/Season 02/11 How Hermes Requisitioned His Groove Back.mp4","tmdb_id":null,"confidence":0,"reason":"no matching TV episode id in candidates"}
{"at":"2026-09-16T18:07:53Z","path":"Futurama/Season 02/12 The Deep South.mp4","tmdb_id":null,"confidence":0,"reason":"no matching TV episode id in candidates"}
{"at":"2026-09-16T18:07:53Z","path":"Futurama/Season 02/13 Bender Gets Made.mp4","tmdb_id":null,"confidence":0,"reason":"no matching TV episode id in candidates"}
{"at":"2026-09-16T18:07:53Z","path":"Futurama/Season 02/14 Mothers Day.mp4","tmdb_id":null,"confidence":0,"reason":"no matching TV episode id in candidates"}
{"at":"2026-09-16T18:07:53Z","path":"Futurama/Season 02/15 The Problem With Popplers.mp4","tmdb_id":null,"confidence":0,"reason":"no matching TV episode id in candidates"}
{"at":"2026-09-16T18:07:53Z","path":"Futurama/Season 02/16 Anthology of Interest.mp4","tmdb_id":null,"confidence":0,"reason":"no matching TV episode id in candidates"}
{"at":"2026-09-16T18:07:53Z","path":"Futurama/Season 02/17 War Is The H-Word.mp4","tmdb_id":null,"confidence":0,"reason":"no matching TV episode id in candidates"}
{"at":"2026-09-16T18:07:53Z","path":"Futurama/Season 02/18 The Honking.mp4","tmdb_id":null,"confidence":0,"reason":"no matching TV episode id in candidates"}
{"at":"2026-09-16T18:07:53Z","path":"Futurama/Season 02/19 The Cryonic Woman.mp4","tmdb_id":null,"confidence":0,"reason":"no matching TV episode id in candidates"}
{"at":"2026-09-16T18:07:53Z","path":"Futurama/Season 03/01 Amazon Women in the Mood.m4v","tmdb_id":null,"confidence":0,"reason":"no matching TV episode id in candidates"}
{"at":"2026-09-16T18:07:53Z","path":"Futurama/Season 03/02 Parasites Lost.m4v","tmdb_id":null,"confidence":0,"reason":"no matching TV episode id in candidates"}
{"at":"2026-09-16T18:07:53Z","path":"Futurama/Season 03/03 A Tale of Two Santas.m4v","tmdb_id":null,"confidence":0,"reason":"no matching TV episode id in candidates"}
{"at":"2026-09-16T18:07:53Z","path":"Futurama/Season 03/04 The Luck of the Fryrish.m4v","tmdb_id":null,"confidence":0,"reason":"no matching TV episode id in candidates"}
{"at":"2026-09-16T18:07:53Z","path":"Futurama/Season 03/05 The Birdbot of Ice-catraz.m4v","tmdb_id":null,"confidence":0,"reason":"no matching TV episode id in candidates"}
{"at":"2026-09-16T18:07:53Z","path":"Futurama/Season 03/06 Bendless Love.m4v","tmdb_id":null,"confidence":0,"reason":"no matching TV episode id in candidates"}
{"at":"2026-09-16T18:07:53Z","path":"Futurama/Season 03/07 The Day the Earth Stood Stupid.m4v","tmdb_id":null,"confidence":0,"reason":"no matching TV episode id in candidates"}
{"at":"2026-09-16T18:07:53Z","path":"Futurama/Season 03/08 That's Lobstertainment.m4v","tmdb_id":null,"confidence":0,"reason":"no matching TV episode id in candidates"}
{"at":"2026-09-16T18:07:53Z","path":"Futurama/Season 03/09 The Cyber House Rules.m4v","tmdb_id":null,"confidence":0,"reason":"no matching TV episode id in candidates"}
{"at":"2026-09-16T18:08:01Z","path":"Futurama/Season 03/10 Where the Buggalo Roam.m4v","tmdb_id":null,"confidence":0,"reason":"no matching TV episode in candidates"}
{"at":"2026-09-16T18:08:01Z","path":"Futurama/Season 03/11 Insane in the Mainframe.m4v","tmdb_id":null,"confidence":0,"reason":"no matching TV episode in candidates"}
{"at":"2026-09-16T18:08:01Z","path":"Futurama/Season 03/12 The Route of All Evil.m4v","tmdb_id":null,"confidence":0,"reason":"no matching TV episode in candidates"}
{"at":"2026-09-16T18:08:01Z","path":"Futurama/Season 03/13 Bendin in the Wind.m4v","tmdb_id":null,"confidence":0,"reason":"no matching TV episode in candidates"}
{"at":"2026-09-16T18:08:01Z","path":"Futurama/Season 03/14 Time Keeps On Slipping.m4v","tmdb_id":null,"confidence":0,"reason":"no matching TV episode in candidates"}
{"at":"2026-09-16T18:08:01Z","path":"Futurama/Season 03/15 I Dated a Robot.m4v","tmdb_id":null,"confidence":0,"reason":"no matching TV episode in candidates"}
{"at":"2026-09-16T18:08:01Z","path":"Futurama/Season 03/16 A Leela of Her Own.m4v","tmdb_id":null,"confidence":0,"reason":"no matching TV episode in candidates"}
{"at":"2026-09-16T18:08:01Z","path":"Futurama/Season 03/17 A Pharoah to Remember.m4v","tmdb_id":null,"confidence":0,"reason":"no matching TV episode in candidates"}
{"at":"2026-09-16T18:08:01Z","path":"Futurama/Season 03/18 Anthology of Interest II.m4v","tmdb_id":null,"confidence":0,"reason":"no matching TV episode in candidates"}
{"at":"2026-09-16T18:08:01Z","path":"Futurama/Season 03/19 Roswell That Ends Well.m4v","tmdb_id":null,"confidence":0,"reason":"no matching TV episode in candidates"}
{"at":"2026-09-16T18:08:01Z","path":"Futurama/Season 03/20 Godfellas.m4v","tmdb_id":null,"confidence":0,"reason":"no matching TV episode in candidates"}
{"at":"2026-09-16T18:08:01Z","path":"Futurama/Season 03/21 Future Stock.m4v","tmdb_id":null,"confidence":0,"reason":"no matching TV episode in candidates"}
{"at":"2026-09-16T18:08:01Z","path":"Futurama/Season 03/22 The 30% Iron Chef.m4v","tmdb_id":null,"confidence":0,"reason":"no matching TV episode in candidates"}
{"at":"2026-09-16T18:08:01Z","path":"Futurama/Season 03/23 Studio Sketches.m4v","tmdb_id":null,"confidence":0,"reason":"no matching TV episode in candidates"}
{"at":"2026-09-16T18:08:01Z","path":"Futurama/Season 03/01 Amazon Women in the Mood.mp4","tmdb_id":null,"confidence":0,"reason":"no matching TV episode in candidates"}
{"at":"2026-09-16T18:08:01Z","path":"Futurama/Season 03/02 Parasites Lost.mp4","tmdb_id":null,"confidence":0,"reason":"no matching TV episode in candidates"}
{"at":"2026-09-16T18:08:01Z","path":"Futurama/Season 03/03 A Tale of Two Santas.mp4","tmdb_id":null,"confidence":0,"reason":"no matching TV episode in candidates"}
{"at":"2026-09-16T18:08:01Z","path":"Futurama/Season 03/04 The Luck of the Fryrish.mp4","tmdb_id":null,"confidence":0,"reason":"no matching TV episode in candidates"}
{"at":"2026-09-16T18:08:01Z","path":"Futurama/Season 03/05 The Birdbot of Ice-catraz.mp4","tmdb_id":null,"confidence":0,"reason":"no matching TV episode in candidates"}
{"at":"2026-09-16T18:08:01Z","path":"Futurama/Season 03/06 Bendless Love.mp4","tmdb_id":null,"confidence":0,"reason":"no matching TV episode in candidates"}
{"at":"2026-09-16T18:08:01Z","path":"Futurama/Season 03/07 The Day the Earth Stood Stupid.mp4","tmdb_id":null,"confidence":0,"reason":"no matching TV episode in candidates"}
{"at":"2026-09-16T18:08:01Z","path":"Futurama/Season 03/08 That's Lobstertainment.mp4","tmdb_id":null,"confidence":0,"reason":"no matching TV episode in candidates"}
{"at":"2026-09-16T18:08:01Z","path":"Futurama/Season 03/09 The Cyber House Rules.mp4","tmdb_id":null,"confidence":0,"reason":"no matching TV episode in candidates"}
{"at":"2026-09-16T18:08:01Z","path":"Futurama/Season 03/10 Where the Buggalo Roam.mp4","tmdb_id":null,"confidence":0,"reason":"no matching TV episode in candidates"}
{"at":"2026-09-16T18:08:01Z","path":"Futurama/Season 03/11 Insane in the Mainframe.mp4","tmdb_id":null,"confidence":0,"reason":"no matching TV episode in candidates"}
{"at":"2026-09-16T18:08:09Z","path":"Futurama/Season 03/12 The Route of All Evil.mp4","tmdb_id":null,"confidence":0,"reason":"no matching TV episode id in candidates"}
{"at":"2026-09-16T18:08:09Z","path":"Futurama/Season 03/13 Bendin in the Wind.mp4","tmdb_id":null,"confidence":0,"reason":"no matching TV episode id in candidates"}
{"at":"2026-09-16T18:08:09Z","path":"Futurama/Season 03/14 Time Keeps On Slipping.mp4","tmdb_id":null,"confidence":0,"reason":"no matching TV episode id in candidates"}
{"at":"2026-09-16T18:08:09Z","path":"Futurama/Season 03/15 I Dated a Robot.mp4","tmdb_id":null,"confidence":0,"reason":"no matching TV episode id in candidates"}
{"at":"2026-09-16T18:08:09Z","path":"Futurama/Season 03/16 A Leela of Her Own.mp4","tmdb_id":null,"confidence":0,"reason":"no matching TV episode id in candidates"}
{"at":"2026-09-16T18:08:09Z","path":"Futurama/Season 03/17 A Pharoah to Remember.mp4","tmdb_id":null,"confidence":0,"reason":"no matching TV episode id in candidates"}
{"at":"2026-09-16T18:08:09Z","path":"Futurama/Season 03/18 Anthology of Interest II.mp4","tmdb_id":null,"confidence":0,"reason":"no matching TV episode id in candidates"}
{"at":"2026-09-16T18:08:09Z","path":"Futurama/Season 03/19 Roswell That Ends Well.mp4","tmdb_id":null,"confidence":0,"reason":"no matching TV episode id in candidates"}
{"at":"2026-09-16T18:08:09Z","path":"Futurama/Season 03/20 Godfellas.mp4","tmdb_id":null,"confidence":0,"reason":"no matching TV episode id in candidates"}
{"at":"2026-09-16T18:08:09Z","path":"Futurama/Season 03/21 Future Stock.mp4","tmdb_id":null,"confidence":0,"reason":"no matching TV episode id in candidates"}
{"at":"2026-09-16T18:08:09Z","path":"Futurama/Season 03/22 The 30% Iron Chef.mp4","tmdb_id":null,"confidence":0,"reason":"no matching TV episode id in candidates"}
{"at":"2026-09-16T18:08:09Z","path":"Futurama/Season 04/01 Kif Gets Knocked Up A Notch.m4v","tmdb_id":null,"confidence":0,"reason":"no matching TV episode id in candidates"}
{"at":"2026-09-16T18:08:09Z","path":"Futurama/Season 04/02 Leelas Homeworld.m4v","tmdb_id":null,"confidence":0,"reason":"no matching TV episode id in candidates"}
{"at":"2026-09-16T18:08:09Z","path":"Futurama/Season 04/03 Love and Rocket.m4v","tmdb_id":null,"confidence":0,"reason":"no matching TV episode id in candidates"}
{"at":"2026-09-16T18:08:09Z","path":"Futurama/Season 04/04 Less Than Hero.m4v","tmdb_id":null,"confidence":0,"reason":"no matching TV episode id in candidates"}
{"at":"2026-09-16T18:08:09Z","path":"Futurama/Season 04/05 A Taste of Freedom.m4v","tmdb_id":null,"confidence":0,"reason":"no matching TV episode id in candidates"}
{"at":"2026-09-16T18:08:09Z","path":"Futurama/Season 04/06 Bender Should Not Be Allowed On TV.m4v","tmdb_id":null,"confidence":0,"reason":"no matching TV episode id in candidates"}
{"at":"2026-09-16T18:08:09Z","path":"Futurama/Season 04/07 Jurassic Bark.m4v","tmdb_id":null,"confidence":0,"reason":"no matching TV episode id in candidates"}
{"at":"2026-09-16T18:08:09Z","path":"Futurama/Season 04/08 Crimes of the Hot.m4v","tmdb_id":null,"confidence":0,"reason":"no matching TV episode id in candidates"}
{"at":"2026-09-16T18:08:09Z","path":"Futurama/Season 04/09 Teenage Mutant Leelas Hurdles.m4v","tmdb_id":null,"confidence":0,"reason":"no matching TV episode id in candidates"}
{"at":"2026-09-16T18:08:09Z","path":"Futurama/Season 04/10 The Why of Fry.m4v","tmdb_id":null,"confidence":0,"reason":"no matching TV episode id in candidates"}
{"at":"2026-09-16T18:08:09Z","path":"Futurama/Season 04/11 Where No Fan Has Gone Before.m4v","tmdb_id":null,"confidence":0,"reason":"no matching TV episode id in candidates"}
{"at":"2026-09-16T18:08:09Z","path":"Futurama/Season 04/12 The Sting.m4v","tmdb_id":null,"confidence":0,"reason":"no matching TV episode id in candidates"}
{"at":"2026-09-16T18:08:09Z","path":"Futurama/Season 04/13 Bend Her.m4v","tmdb_id":null,"confidence":0,"reason":"no matching TV episode id in candidates"}
{"at":"2026-09-16T18:08:09Z","path":"Futurama/Season 04/14 Obsoletely Fabulous.m4v","tmdb_id":null,"confidence":0,"reason":"no matching TV episode id in candidates"}
{"at":"2026-09-16T18:08:17Z","path":"Futurama/Season 04/15 The Farnsworth Parabox.m4v","tmdb_id":null,"confidence":0,"reason":"no matching TV series id in candidates"}
{"at":"2026-09-16T18:08:17Z","path":"Futurama/Season 04/16 Three Hundred Big Boys.m4v","tmdb_id":null,"confidence":0,"reason":"no matching TV series id in candidates"}
{"at":"2026-09-16T18:08:17Z","path":"Futurama/Season 04/17 Spanish Fry.m4v","tmdb_id":null,"confidence":0,"reason":"no matching TV series id in candidates"}
{"at":"2026-09-16T18:08:17Z","path":"Futurama/Season 04/18 The Devils Hands Are Idle Playthings.m4v","tmdb_id":null,"confidence":0,"reason":"no matching TV series id in candidates"}
{"at":"2026-09-16T18:08:17Z","path":"Futurama/Season 07/01 Rebirth.mp4","tmdb_id":null,"confidence":0,"reason":"no matching TV series id in candidates"}
{"at":"2026-09-16T18:08:17Z","path":"Futurama/Season 07/02 In-a-Gadda-Da-Leela.mp4","tmdb_id":null,"confidence":0,"reason":"no matching TV series id in candidates"}
{"at":"2026-09-16T18:08:17Z","path":"Futurama/Season 07/03 Attack of the Killer App.mp4","tmdb_id":null,"confidence":0,"reason":"no matching TV series id in candidates"}
{"at":"2026-09-16T18:08:17Z","path":"Futurama/Season 07/04 Proposition Infinity.mp4","tmdb_id":null,"confidence":0,"reason":"no matching TV series id in candidates"}
{"at":"2026-09-16T18:08:17Z","path":"Futurama/Season 07/05 The Duh-Vinci Code.mp4","tmdb_id":null,"confidence":0,"reason":"no matching TV series id in candidates"}
{"at":"2026-09-16T18:08:17Z","path":"Futurama/Season 07/06 Lethal Inspection.mp4","tmdb_id":null,"confidence":0,"reason":"no matching TV series id in candidates"}
{"at":"2026-09-16T18:08:17Z","path":"Futurama/Season 07/07 The Late Philip J. Fry.mp4","tmdb_id":null,"confidence":0,"reason":"no matching TV series id in candidates"}
{"at":"2026-09-16T18:08:17Z","path":"Futurama/Season 07/08 That Darn Katz.mp4","tmdb_id":null,"confidence":0,"reason":"no matching TV series id in candidates"}
{"at":"2026-09-16T18:08:17Z","path":"Futurama/Season 07/09 A Clockwork Origin.mp4","tmdb_id":null,"confidence":0,"reason":"no matching TV series id in candidates"}
{"at":"2026-09-16T18:08:17Z","path":"Futurama/Season 07/10 The Prisoner of Benda.mp4","tmdb_id":null,"confidence":0,"reason":"no matching TV series id in candidates"}
{"at":"2026-09-16T18:08:17Z","path":"Futurama/Season 07/11 Lrrreconcilable Ndndifferences.mp4","tmdb_id":null,"confidence":0,"reason":"no matching TV series id in candidates"}
{"at":"2026-09-16T18:08:17Z","path":"Futurama/Season 07/12 The Mutants are Revolting.mp4","tmdb_id":null,"confidence":0,"reason":"no matching TV series id in candidates"}
{"at":"2026-09-16T18:08:17Z","path":"Futurama/Season 07/13 Holiday Spectacular.mp4","tmdb_id":null,"confidence":0,"reason":"no matching TV series id in candidates"}
{"at":"2026-09-16T18:08:17Z","path":"Futurama/Season 08/All the Presidents Heads.m4v","tmdb_id":null,"confidence":0,"reason":"no matching TV series id in candidates"}
{"at":"2026-09-16T18:08:17Z","path":"Futurama/Season 08/Benderama.m4v","tmdb_id":null,"confidence":0,"reason":"no matching TV series id in candidates"}
{"at":"2026-09-16T18:08:17Z","path":"Futurama/Season 08/Cold Warriors.m4v","tmdb_id":null,"confidence":0,"reason":"no matching TV series id in candidates"}
{"at":"2026-09-16T18:08:17Z","path":"Futurama/Season 08/Fry Am the Egg Man.m4v","tmdb_id":null,"confidence":0,"reason":"no matching TV series id in candidates"}
{"at":"2026-09-16T18:08:17Z","path":"Futurama/Season 08/Ghost in the Machine.m4v","tmdb_id":null,"confidence":0,"reason":"no matching TV series id in candidates"}
{"at":"2026-09-16T18:08:17Z","path":"Futurama/Season 08/Law and Oracle.m4v","tmdb_id":null,"confidence":0,"reason":"no matching TV series id in candidates"}
{"at":"2026-09-16T18:08:17Z","path":"Futurama/Season 08/Mobius Dick.m4v","tmdb_id":null,"confidence":0,"reason":"no matching TV series id in candidates"}
{"at":"2026-09-16T18:08:17Z","path":"Futurama/Season 08/Neutopia.m4v","tmdb_id":null,"confidence":0,"reason":"no matching TV series id in candidates"}
{"at":"2026-09-16T18:08:25Z","path":"Futurama/Season 08/Overclockwise.m4v","tmdb_id":null,"confidence":0,"reason":"candidates are all movies, not TV episodes"}
{"at":"2026-09-16T18:08:25Z","path":"Futurama/Season 08/Reincarnation.m4v","tmdb_id":null,"confidence":0,"reason":"candidates are all movies, not TV episodes"}
{"at":"2026-09-16T18:08:25Z","path":"Futurama/Season 08/The Silence of the Clamps.m4v","tmdb_id":null,"confidence":0,"reason":"candidates are all movies, not TV episodes"}
{"at":"2026-09-16T18:08:25Z","path":"Futurama/Season 08/The Tip of the Zoidberg.m4v","tmdb_id":null,"confidence":0,"reason":"candidates are all movies, not TV episodes"}
{"at":"2026-09-16T18:08:25Z","path":"Futurama/Season 08/Yo Leela Leela.m4v","tmdb_id":null,"confidence":0,"reason":"candidates are all movies, not TV episodes"}
{"at":"2026-09-16T18:08:25Z","path":"Futurama/Season 09/01 The Bots and the Bees.mp4","tmdb_id":null,"confidence":0,"reason":"candidates are all movies, not TV episodes"}
{"at":"2026-09-16T18:08:25Z","path":"Futurama/Season 09/02 A Farewell to Arms.mp4","tmdb_id":null,"confidence":0,"reason":"candidates are all movies, not TV episodes"}
{"at":"2026-09-16T18:08:25Z","path":"Futurama/Season 09/03 Decision 3012.mp4","tmdb_id":null,"confidence":0,"reason":"candidates are all movies, not TV episodes"}
{"at":"2026-09-16T18:08:25Z","path":"Futurama/Season 09/04 The Thief of Baghead.mp4","tmdb_id":null,"confidence":0,"reason":"candidates are all movies, not TV episodes"}
{"at":"2026-09-16T18:08:25Z","path":"Futurama/Season 09/05 Zapp Dingbat.mp4","tmdb_id":null,"confidence":0,"reason":"candidates are all movies, not TV episodes"}
{"at":"2026-09-16T18:08:25Z","path":"Futurama/Season 09/06 The Butterjunk Effect.mp4","tmdb_id":null,"confidence":0,"reason":"candidates are all movies, not TV episodes"}
{"at":"2026-09-16T18:08:25Z","path":"Futurama/Season 09/07 The Six Million Dollar Mon.mp4","tmdb_id":null,"confidence":0,"reason":"candidates are all movies, not TV episodes"}
{"at":"2026-09-16T18:08:25Z","path":"Futurama/Season 09/08 Fun On a Bun.mp4","tmdb_id":null,"confidence":0,"reason":"candidates are all movies, not TV episodes"}
{"at":"2026-09-16T18:08:25Z","path":"Futurama/Season 09/09 Free Will Hunting.mp4","tmdb_id":null,"confidence":0,"reason":"candidates are all movies, not TV episodes"}
{"at":"2026-09-16T18:08:25Z","path":"Futurama/Season 09/10 Near-Death Wish.mp4","tmdb_id":null,"confidence":0,"reason":"candidates are all movies, not TV episodes"}
{"at":"2026-09-16T18:08:25Z","path":"Futurama/Season 09/11 Viva Mars Vegas.mp4","tmdb_id":null,"confidence":0,"reason":"candidates are all movies, not TV episodes"}
{"at":"2026-09-16T18:08:25Z","path":"Futurama/Season 09/12 31st Century Fox.mp4","tmdb_id":null,"confidence":0,"reason":"candidates are all movies, not TV episodes"}
{"at":"2026-09-16T18:08:25Z","path":"Futurama/Season 09/13 Naturama.mp4","tmdb_id":null,"confidence":0,"reason":"candidates are all movies, not TV episodes"}
{"at":"2026-09-16T18:08:25Z","path":"Futurama/Season 10/01 2-D Blacktop.mp4","tmdb_id":null,"confidence":0,"reason":"candidates are all movies, not TV episodes"}
{"at":"2026-09-16T18:08:25Z","path":"Futurama/Season 10/02 Fry and Leela's Big Fling.mp4","tmdb_id":null,"confidence":0,"reason":"candidates are all movies, not TV episodes"}
{"at":"2026-09-16T18:08:25Z","path":"Futurama/Season 10/03 T.- The Terrestrial.mp4","tmdb_id":null,"confidence":0,"reason":"candidates are all movies, not TV episodes"}
{"at":"2026-09-16T18:08:25Z","path":"Futurama/Season 10/04 Forty Percent Leadbelly.mp4","tmdb_id":null,"confidence":0,"reason":"candidates are all movies, not TV episodes"}
{"at":"2026-09-16T18:08:25Z","path":"Futurama/Season 10/05 The Inhuman Torch.mp4","tmdb_id":null,"confidence":0,"reason":"candidates are all movies, not TV episodes"}
{"at":"2026-09-16T18:08:25Z","path":"Futurama/Season 10/06 Saturday Morning Fun Pit.mp4","tmdb_id":null,"confidence":0,"reason":"candidates are all movies, not TV episodes"}
{"at":"2026-09-16T18:08:25Z","path":"Futurama/Season 10/07 Calculon 2.0.mp4","tmdb_id":null,"confidence":0,"reason":"candidates are all movies, not TV episodes"}
{"at":"2026-09-16T18:08:26Z","path":"Futurama/From Hulu - fix later/Season 5/07_Teenage Mutant Leela_s Hurdles.mp4","tmdb_id":null,"confidence":0,"reason":"no TMDB candidates"}
{"at":"2026-09-16T18:08:26Z","path":"Futurama/From Hulu - fix later/Season 5/05_Kif Gets Knocked Up a Notch.mp4","tmdb_id":null,"confidence":0,"reason":"no TMDB candidates"}
{"at":"2026-09-16T18:08:27Z","path":"Futurama/From Hulu - fix later/Season 5/13_Bend Her.mp4","tmdb_id":null,"confidence":0,"reason":"no TMDB candidates"}
{"at":"2026-09-16T18:08:28Z","path":"Futurama/From Hulu - fix later/Season 5/10_The Farnsworth Parabox.mp4","tmdb_id":null,"confidence":0,"reason":"no TMDB candidates"}
{"at":"2026-09-16T18:08:28Z","path":"Futurama/From Hulu - fix later/Season 5/08_The Why of Fry.mp4","tmdb_id":null,"confidence":0,"reason":"no TMDB candidates"}
{"at":"2026-09-16T18:08:29Z","path":"Futurama/From Hulu - fix later/Season 5/15_Bender Should Not be Allowed on Television.mp4","tmdb_id":null,"confidence":0,"reason":"no TMDB candidates"}
{"at":"2026-09-16T18:08:29Z","path":"Futurama/From Hulu - fix later/Season 5/14_Obsoletely Fabulous.mp4","tmdb_id":null,"confidence":0,"reason":"no TMDB candidates"}
{"at":"2026-09-16T18:08:30Z","path":"Futurama/From Hulu - fix later/Season 5/11_Three Hundred Big Boys.mp4","tmdb_id":null,"confidence":0,"reason":"no TMDB candidates"}
{"at":"2026-09-16T18:08:30Z","path":"Futurama/From Hulu - fix later/Season 5/04_A Taste of Freedom.mp4","tmdb_id":null,"confidence":0,"reason":"no TMDB candidates"}
{"at":"2026-09-16T18:08:35Z","path":"Futurama/Season 10/08 Assie Come Home.mp4","tmdb_id":null,"confidence":0,"reason":"no matching candidate"}
{"at":"2026-09-16T18:08:35Z","path":"Futurama/Season 10/09 Leela and the Genestalk.mp4","tmdb_id":null,"confidence":0,"reason":"no matching candidate"}
{"at":"2026-09-16T18:08:35Z","path":"Futurama/Season 10/10 Game of Tones.mp4","tmdb_id":null,"confidence":0,"reason":"no matching candidate"}
{"at":"2026-09-16T18:08:35Z","path":"Futurama/Season 10/11 Murder On the Planet Express.mp4","tmdb_id":null,"confidence":0,"reason":"no matching candidate"}
{"at":"2026-09-16T18:08:35Z","path":"Futurama/Season 10/12 Stench and Stenchibility.mp4","tmdb_id":null,"confidence":0,"reason":"no matching candidate"}
{"at":"2026-09-16T18:08:35Z","path":"Futurama/Season 10/13 Meanwhile.mp4","tmdb_id":null,"confidence":0,"reason":"no matching candidate"}
{"at":"2026-09-16T18:08:35Z","path":"Futurama/Season 11/03 How the West Was 1010001.mp4","tmdb_id":null,"confidence":0,"reason":"no matching candidate"}
{"at":"2026-09-16T18:08:35Z","path":"Futurama/Season 11/01 The Impossible Stream.mp4","tmdb_id":null,"confidence":0,"reason":"no matching candidate"}
{"at":"2026-09-16T18:08:35Z","path":"Futurama/Season 11/02 Children of a Lesser Bog.mp4","tmdb_id":null,"confidence":0,"reason":"no matching candidate"}
{"at":"2026-09-16T18:08:35Z","path":"Futurama/Season 11/Futurama 10.mp4","tmdb_id":null,"confidence":0,"reason":"no matching candidate"}
{"at":"2026-09-16T18:08:35Z","path":"Futurama/Season 11/Futurama 7 truncated.mp4","tmdb_id":null,"confidence":0,"reason":"no matching candidate"}
{"at":"2026-09-16T18:08:35Z","path":"Futurama/Season 11/Futurama 4.mp4","tmdb_id":null,"confidence":0,"reason":"no matching candidate"}
{"at":"2026-09-16T18:08:35Z","path":"Futurama/Season 11/Futurama 6.mp4","tmdb_id":null,"confidence":0,"reason":"no matching candidate"}
{"at":"2026-09-16T18:08:35Z","path":"Futurama/Season 11/Futurama 9.mp4","tmdb_id":null,"confidence":0,"reason":"no matching candidate"}
{"at":"2026-09-16T18:08:35Z","path":"Futurama/Season 11/Futurama 8.mp4","tmdb_id":null,"confidence":0,"reason":"no matching candidate"}
{"at":"2026-09-16T18:08:35Z","path":"Futurama/Season 11/Futurama 5.mp4","tmdb_id":null,"confidence":0,"reason":"no matching candidate"}
{"at":"2026-09-16T18:08:36Z","path":"Futurama/From Hulu - fix later/Season 5/16_The Devil_s Hands Are Idle Playthings.mp4","tmdb_id":null,"confidence":0,"reason":"no TMDB candidates"}
{"at":"2026-09-16T18:08:37Z","path":"Futurama/From Hulu - fix later/Season 5/06_Less Than Hero.mp4","tmdb_id":null,"confidence":0,"reason":"no TMDB candidates"}
{"at":"2026-09-16T18:08:37Z","path":"Futurama/From Hulu - fix later/Season 5/02_Jurassic Bark.mp4","tmdb_id":null,"confidence":0,"reason":"no TMDB candidates"}
{"at":"2026-09-16T18:08:37Z","path":"Futurama/From Hulu - fix later/Season 5/01_Crimes of the Hot.mp4","tmdb_id":null,"confidence":0,"reason":"no TMDB candidates"}
{"at":"2026-09-16T18:08:38Z","path":"Futurama/From Hulu - fix later/Season 5/09_The Sting.mp4","tmdb_id":null,"confidence":0,"reason":"no TMDB candidates"}
{"at":"2026-09-16T18:08:38Z","path":"Futurama/From Hulu - fix later/Season 5/12_Spanish Fry.mp4","tmdb_id":null,"confidence":0,"reason":"no TMDB candidates"}
{"at":"2026-09-16T18:08:39Z","path":"Futurama/From Hulu - fix later/Season 4/12_Where No Fan Has Gone Before.mp4","tmdb_id":null,"confidence":0,"reason":"no TMDB candidates"}
{"at":"2026-09-16T18:08:39Z","path":"Futurama/From Hulu - fix later/Season 4/04_Love & Rocket.mp4","tmdb_id":null,"confidence":0,"reason":"no TMDB candidates"}
{"at":"2026-09-16T18:08:40Z","path":"Futurama/From Hulu - fix later/Season 4/05_Leela_s Homeworld.mp4","tmdb_id":null,"confidence":0,"reason":"no TMDB candidates"}
{"at":"2026-09-16T18:08:40Z","path":"Futurama/From Hulu - fix later/Season 4/05 A Taste of Freedom.mp4","tmdb_id":null,"confidence":0,"reason":"no TMDB candidates"}
{"at":"2026-09-16T18:08:40Z","path":"Futurama/From Hulu - fix later/Season 3/11 Insane in the Mainframe.mp4","tmdb_id":null,"confidence":0,"reason":"no TMDB candidates"}
{"at":"2026-09-16T18:08:41Z","path":"Futurama/From Hulu - fix later/Season 3/19 Roswell That Ends Well.mp4","tmdb_id":null,"confidence":0,"reason":"no TMDB candidates"}
{"at":"2026-09-16T18:08:41Z","path":"Futurama/From Hulu - fix later/Season 3/06 Bendless Love.mp4","tmdb_id":null,"confidence":0,"reason":"no TMDB candidates"}
{"at":"2026-09-16T18:08:42Z","path":"Futurama/From Hulu - fix later/Season 3/02 Parasites Lost.mp4","tmdb_id":null,"confidence":0,"reason":"no TMDB candidates"}
{"at":"2026-09-16T18:08:42Z","path":"Futurama/From Hulu - fix later/Season 3/17 A Pharoah to Remember.mp4","tmdb_id":null,"confidence":0,"reason":"no TMDB candidates"}
{"at":"2026-09-16T18:08:42Z","path":"Futurama/From Hulu - fix later/Season 3/04 The Luck of the Fryrish.mp4","tmdb_id":null,"confidence":0,"reason":"no TMDB candidates"}
{"at":"2026-09-16T18:08:43Z","path":"Futurama/From Hulu - fix later/Season 3/18 Anthology of Interest II.mp4","tmdb_id":null,"confidence":0,"reason":"no TMDB candidates"}
{"at":"2026-09-16T18:08:43Z","path":"Futurama/From Hulu - fix later/Season 3/09 The Cyber House Rules.mp4","tmdb_id":null,"confidence":0,"reason":"no TMDB candidates"}
{"at":"2026-09-16T18:08:44Z","path":"Futurama/From Hulu - fix later/Season 3/21 Future Stock.mp4","tmdb_id":null,"confidence":0,"reason":"no TMDB candidates"}
{"at":"2026-09-16T18:08:44Z","path":"Futurama/From Hulu - fix later/Season 3/05 The Birdbot of Ice-catraz.mp4","tmdb_id":null,"confidence":0,"reason":"no TMDB candidates"}
{"at":"2026-09-16T18:08:44Z","path":"Futurama/From Hulu - fix later/Season 3/07 The Day the Earth Stood Stupid.mp4","tmdb_id":null,"confidence":0,"reason":"no TMDB candidates"}
{"at":"2026-09-16T18:08:45Z","path":"Futurama/From Hulu - fix later/Season 3/22 The 30% Iron Chef.mp4","tmdb_id":null,"confidence":0,"reason":"no TMDB candidates"}
{"at":"2026-09-16T18:08:45Z","path":"Futurama/From Hulu - fix later/Season 3/14 Time Keeps On Slipping.mp4","tmdb_id":null,"confidence":0,"reason":"no TMDB candidates"}
{"at":"2026-09-16T18:08:46Z","path":"Futurama/From Hulu - fix later/Season 3/13 Bendin in the Wind.mp4","tmdb_id":null,"confidence":0,"reason":"no TMDB candidates"}
{"at":"2026-09-16T18:08:46Z","path":"Futurama/From Hulu - fix later/Season 3/08 That's Lobstertainment.mp4","tmdb_id":null,"confidence":0,"reason":"no TMDB candidates"}
{"at":"2026-09-16T18:08:46Z","path":"Futurama/From Hulu - fix later/Season 3/16 A Leela of Her Own.mp4","tmdb_id":null,"confidence":0,"reason":"no TMDB candidates"}
{"at":"2026-09-16T18:08:47Z","path":"Futurama/From Hulu - fix later/Season 3/03 A Tale of Two Santas.mp4","tmdb_id":null,"confidence":0,"reason":"no TMDB candidates"}
{"at":"2026-09-16T18:08:47Z","path":"Futurama/From Hulu - fix later/Season 3/12 The Route of All Evil.mp4","tmdb_id":null,"confidence":0,"reason":"no TMDB candidates"}
{"at":"2026-09-16T18:08:47Z","path":"Futurama/From Hulu - fix later/Season 3/10 Where the Buggalo Roam.mp4","tmdb_id":null,"confidence":0,"reason":"no TMDB candidates"}
{"at":"2026-09-16T18:08:48Z","path":"Futurama/From Hulu - fix later/Season 3/01 Amazon Women in the Mood.mp4","tmdb_id":null,"confidence":0,"reason":"no TMDB candidates"}
{"at":"2026-09-16T18:08:48Z","path":"Futurama/From Hulu - fix later/Season 3/15 I Dated a Robot.mp4","tmdb_id":null,"confidence":0,"reason":"no TMDB candidates"}
{"at":"2026-09-16T18:08:49Z","path":"Futurama/From Hulu - fix later/Season 3/20 Godfellas.mp4","tmdb_id":null,"confidence":0,"reason":"no TMDB candidates"}
{"at":"2026-09-16T18:08:56Z","path":"Ghost In The Shell/S.A.C. 2045/Season 1/Ghost in the Shell_ SAC_2045_S01E07_PIE IN THE SKY - First Bank Robbery.mp4","tmdb_id":null,"confidence":0,"reason":"no matching candidate"}
{"at":"2026-09-16T18:08:56Z","path":"Ghost In The Shell/S.A.C. 2045/Season 1/Ghost in the Shell_ SAC_2045_S01E04_SACRIFICIAL PAWN - Emissary from the Divide.mp4","tmdb_id":null,"confidence":0,"reason":"no matching candidate"}
{"at":"2026-09-16T18:08:56Z","path":"Ghost In The Shell/S.A.C. 2045/Season 1/Ghost in the Shell_ SAC_2045_S01E05_PATRICK HUGE - Gift from God.mp4","tmdb_id":null,"confidence":0,"reason":"no matching candidate"}
{"at":"2026-09-16T18:08:56Z","path":"Ghost In The Shell/S.A.C. 2045/Season 1/Ghost in the Shell_ SAC_2045_S01E09_IDENTITY THEFT - The Lonely Struggle.mp4","tmdb_id":null,"confidence":0,"reason":"no matching candidate"}
{"at":"2026-09-16T18:08:56Z","path":"Ghost In The Shell/S.A.C. 2045/Season 1/Ghost in the Shell_ SAC_2045_S01E01_NO NOISE NO LIFE - Sustainable War.mp4","tmdb_id":null,"confidence":0,"reason":"no matching candidate"}
{"at":"2026-09-16T18:08:56Z","path":"Ghost In The Shell/S.A.C. 2045/Season 1/Ghost in the Shell_ SAC_2045_S01E08_ASSEMBLE - What Came About as a Result of Togusa’s Death.mp4","tmdb_id":null,"confidence":0,"reason":"no matching candidate"}
{"at":"2026-09-16T18:08:56Z","path":"Ghost In The Shell/S.A.C. 2045/Season 1/Ghost in the Shell_ SAC_2045_S01E02_AT YOUR OWN RISK - Divided by a Wall.mp4","tmdb_id":null,"confidence":0,"reason":"no matching candidate"}
{"at":"2026-09-16T18:08:56Z","path":"Ghost In The Shell/S.A.C. 2045/Season 1/Ghost in the Shell_ SAC_2045_S01E06_DISCLOSURE - Quantized Gospel.mp4","tmdb_id":null,"confidence":0,"reason":"no matching candidate"}
{"at":"2026-09-16T18:08:56Z","path":"Ghost In The Shell/S.A.C. 2045/Season 1/Ghost in the Shell_ SAC_2045_S01E03_MAVERICK - MIA.mp4","tmdb_id":null,"confidence":0,"reason":"no matching candidate"}
{"at":"2026-09-16T18:08:56Z","path":"Ghost In The Shell/S.A.C. 2045/Season 1/Ghost in the Shell_ SAC_2045_S01E10_NET PEOPLE - Reasons Leading to Flameout.mp4","tmdb_id":null,"confidence":0,"reason":"no matching candidate"}
{"at":"2026-09-16T18:08:56Z","path":"Ghost In The Shell/S.A.C. 2045/Season 2/09_LAST RESORT _ A Long Slumber.mp4","tmdb_id":null,"confidence":0,"reason":"no matching candidate"}
{"at":"2026-09-16T18:08:56Z","path":"Ghost In The Shell/S.A.C. 2045/Season 2/01_DOMINO EFFECT _ Silly Kukushkin.mp4","tmdb_id":null,"confidence":0,"reason":"no matching candidate"}
{"at":"2026-09-16T18:08:56Z","path":"Ghost In The Shell/S.A.C. 2045/Season 2/06_N-POWER _ How to Build an Independent Nation.mp4","tmdb_id":null,"confidence":0,"reason":"no matching candidate"}
{"at":"2026-09-16T18:08:56Z","path":"Ghost In The Shell/S.A.C. 2045/Season 2/05_ROOM 101 _ Man_s Search for Meaning.mp4","tmdb_id":null,"confidence":0,"reason":"no matching candidate"}
{"at":"2026-09-16T18:08:56Z","path":"Ghost In The Shell/S.A.C. 2045/Season 2/02_CLOSE CALL _ I_ve Awoken.mp4","tmdb_id":null,"confidence":0,"reason":"no matching candidate"}
{"at":"2026-09-16T18:08:56Z","path":"Ghost In The Shell/S.A.C. 2045/Season 2/10_OPERATION STANDOFF _ The Battle Begins.mp4","tmdb_id":null,"confidence":0,"reason":"no matching candidate"}
{"at":"2026-09-16T18:08:56Z","path":"Ghost In The Shell/S.A.C. 2045/Season 2/11_DOOMSDAY _ The Moon over the Ruined Castle.mp4","tmdb_id":null,"confidence":0,"reason":"no matching candidate"}
{"at":"2026-09-16T18:08:56Z","path":"Ghost In The Shell/S.A.C. 2045/Season 2/07_TRUTH POINT OF CONTACT _ Bridge of Promise.mp4","tmdb_id":null,"confidence":0,"reason":"no matching candidate"}
{"at":"2026-09-16T18:08:57Z","path":"MXC/AmusementParks_vs_Hookers.mkv","tmdb_id":null,"confidence":0,"reason":"no TMDB candidates"}
{"at":"2026-09-16T18:08:57Z","path":"MXC/AnimalLovers_vs_RealityTV.mkv","tmdb_id":null,"confidence":0,"reason":"no TMDB candidates"}
{"at":"2026-09-16T18:08:58Z","path":"MXC/Art_vs_Insurance.mkv","tmdb_id":null,"confidence":0,"reason":"no TMDB candidates"}
{"at":"2026-09-16T18:08:58Z","path":"MXC/BabyIndustry_vs_Paranormal.mkv","tmdb_id":null,"confidence":0,"reason":"no TMDB candidates"}
{"at":"2026-09-16T18:08:58Z","path":"MXC/BeautyPageants_vs_MilitaryPersonel.mkv","tmdb_id":null,"confidence":0,"reason":"no TMDB candidates"}
{"at":"2026-09-16T18:08:59Z","path":"MXC/CableWorkers_vs_WhiteHouseEmployees.mkv","tmdb_id":null,"confidence":0,"reason":"no TMDB candidates"}
{"at":"2026-09-16T18:08:59Z","path":"MXC/CelebrityJustice_vs_TVMotorSports.mkv","tmdb_id":null,"confidence":0,"reason":"no TMDB candidates"}
{"at":"2026-09-16T18:09:00Z","path":"MXC/Circus_vs_Airlines.mkv","tmdb_id":null,"confidence":0,"reason":"no TMDB candidates"}
{"at":"2026-09-16T18:09:00Z","path":"MXC/College_Girls.mkv","tmdb_id":null,"confidence":0,"reason":"no TMDB candidates"}
{"at":"2026-09-16T18:09:00Z","path":"MXC/ComicBookIndustry_vs_Hygiene.m4v","tmdb_id":null,"confidence":0,"reason":"no TMDB candidates"}
{"at":"2026-09-16T18:09:01Z","path":"MXC/Cops_vs_Cons.mkv","tmdb_id":null,"confidence":0,"reason":"no TMDB candidates"}
{"at":"2026-09-16T18:09:01Z","path":"MXC/CountryKids_vs_CityKids.mkv","tmdb_id":null,"confidence":0,"reason":"no TMDB candidates"}
{"at":"2026-09-16T18:09:02Z","path":"MXC/CountryMusicians_vs_JamesBond.mkv","tmdb_id":null,"confidence":0,"reason":"no TMDB candidates"}
{"at":"2026-09-16T18:09:02Z","path":"MXC/Courts_vs_RodeoIndustry.m4v","tmdb_id":null,"confidence":0,"reason":"no TMDB candidates"}
{"at":"2026-09-16T18:09:02Z","path":"MXC/CSI_vs_KidsEntertainment.mkv","tmdb_id":null,"confidence":0,"reason":"no TMDB candidates"}
{"at":"2026-09-16T18:09:03Z","path":"MXC/DairyWorkers_vs_AutoWorkers.mkv","tmdb_id":null,"confidence":0,"reason":"no TMDB candidates"}
{"at":"2026-09-16T18:09:03Z","path":"MXC/Dentists_vs_Explorers.mkv","tmdb_id":null,"confidence":0,"reason":"no TMDB candidates"}
{"at":"2026-09-16T18:09:04Z","path":"MXC/DesperateHousewives_vs_UFCFighters.mkv","tmdb_id":null,"confidence":0,"reason":"no TMDB candidates"}
{"at":"2026-09-16T18:09:04Z","path":"MXC/Donors_vs_Addicts.mkv","tmdb_id":null,"confidence":0,"reason":"no TMDB candidates"}
{"at":"2026-09-16T18:09:04Z","path":"MXC/EntertainmentMedia_vs_Unions.mkv","tmdb_id":null,"confidence":0,"reason":"no TMDB candidates"}
{"at":"2026-09-16T18:09:05Z","path":"MXC/Entrepraneurs_vs_Hoteliers.mkv","tmdb_id":null,"confidence":0,"reason":"no TMDB candidates"}
{"at":"2026-09-16T18:52:36Z","path":"The Twilight Saga - Breaking Dawn 1 (purchased).mp4","tmdb_id":null,"confidence":0,"reason":"no TMDB candidates"}
{"at":"2026-09-16T18:52:36Z","path":"The Twilight Saga - Breaking Dawn 2 (purchased).mp4","tmdb_id":null,"confidence":0,"reason":"no TMDB candidates"}
{"at":"2026-09-16T18:52:36Z","path":"The Twilight Saga - Eclipse (purchased).mp4","tmdb_id":null,"confidence":0,"reason":"no TMDB candidates"}
{"at":"2026-09-16T18:52:37Z","path":"The Twilight Saga - New Moon (purchased).mp4","tmdb_id":null,"confidence":0,"reason":"no TMDB candidates"}
{"at":"2026-09-16T18:52:37Z","path":"The Twilight Saga - Twilight (purchased).mp4","tmdb_id":null,"confidence":0,"reason":"no TMDB candidates"}
{"at":"2026-09-16T18:52:38Z","path":"Star Wars Ep III - Revenge of the Sith.mkv","tmdb_id":null,"confidence":0,"reason":"no TMDB candidates"}
{"at":"2026-09-16T18:52:38Z","path":"Star Wars Ep I - The Phantom Menace.m4v","tmdb_id":null,"confidence":0,"reason":"no TMDB candidates"}
{"at":"2026-09-16T18:52:38Z","path":"Star Wars Ep IV - A New Hope.mkv","tmdb_id":null,"confidence":0,"reason":"no TMDB candidates"}
{"at":"2026-09-16T18:52:39Z","path":"Star Wars Ep V - The Empire Strikes Back.mkv","tmdb_id":null,"confidence":0,"reason":"no TMDB candidates"}
{"at":"2026-09-16T18:52:39Z","path":"Star Wars Ep VI - Return of the Jedi.mkv","tmdb_id":null,"confidence":0,"reason":"no TMDB candidates"}
{"at":"2026-09-16T18:52:39Z","path":"Star Wars Ep VI - Return of the Jedi (original).mp4","tmdb_id":null,"confidence":0,"reason":"no TMDB candidates"}
{"at":"2026-09-16T18:52:40Z","path":"Star Wars Ep VII - The Force Awakens.mkv","tmdb_id":null,"confidence":0,"reason":"no TMDB candidates"}
{"at":"2026-09-16T18:52:40Z","path":"Star Wars Ep VIII - The Rise of Skywalker.m4v","tmdb_id":null,"confidence":0,"reason":"no TMDB candidates"}
{"at":"2026-09-16T18:52:41Z","path":"Star Wars Ep  II - Attack of the Clones.m4v","tmdb_id":null,"confidence":0,"reason":"no TMDB candidates"}
{"at":"2026-09-16T18:52:41Z","path":"An American Carol (netflix).mp4","tmdb_id":null,"confidence":0,"reason":"no TMDB candidates"}
{"at":"2026-09-16T18:52:41Z","path":"Role Models (Unrated).mp4","tmdb_id":null,"confidence":0,"reason":"no TMDB candidates"}
{"at":"2026-09-16T18:52:42Z","path":"Forgetting Sarah Marshall (Unrated).mp4","tmdb_id":null,"confidence":0,"reason":"no TMDB candidates"}
{"at":"2026-09-16T18:52:42Z","path":"Reno 911 - Miami (Unrated Version).mp4","tmdb_id":null,"confidence":0,"reason":"no TMDB candidates"}
{"at":"2026-09-16T18:52:42Z","path":"Resident Evil (4K).mp4","tmdb_id":null,"confidence":0,"reason":"no TMDB candidates"}
{"at":"2026-09-16T18:52:43Z","path":"The Naked Gun 33 and a Third.mp4","tmdb_id":null,"confidence":0,"reason":"no TMDB candidates"}
{"at":"2026-09-16T18:52:43Z","path":"Ghost in the Shell - remastered.mp4","tmdb_id":null,"confidence":0,"reason":"no TMDB candidates"}
{"at":"2026-09-16T18:52:43Z","path":"Brickleberry/Season 1/01 Welcome To Brickleberry.mov","tmdb_id":null,"confidence":0,"reason":"no TMDB candidates"}
{"at":"2026-09-16T18:52:45Z","path":"The Twilight Saga - Twilight.m4v","tmdb_id":null,"confidence":0,"reason":"no matching title/year"}
{"at":"2026-09-16T18:52:45Z","path":"Wall-E.m4v","tmdb_id":null,"confidence":0,"reason":"no matching title/year"}
{"at":"2026-09-16T18:52:45Z","path":"Holmes and Watson.mp4","tmdb_id":null,"confidence":0,"reason":"no matching title/year"}
{"at":"2026-09-16T19:32:00Z","path":"The Twilight Saga - Breaking Dawn 1 (purchased).mp4","tmdb_id":50619,"confidence":0.95,"reason":"title+year match"}
{"at":"2026-09-16T19:32:00Z","path":"The Twilight Saga - Breaking Dawn 2 (purchased).mp4","tmdb_id":50620,"confidence":0.95,"reason":"title+year match"}
{"at":"2026-09-16T19:32:00Z","path":"The Twilight Saga - Eclipse (purchased).mp4","tmdb_id":24021,"confidence":0.95,"reason":"title+year match"}
{"at":"2026-09-16T19:32:00Z","path":"The Twilight Saga - New Moon (purchased).mp4","tmdb_id":18239,"confidence":0.95,"reason":"title+year match"}
{"at":"2026-09-16T19:32:00Z","path":"The Twilight Saga - Twilight (purchased).mp4","tmdb_id":null,"confidence":0,"reason":"no matching candidate"}
{"at":"2026-09-16T19:32:00Z","path":"The Twilight Saga - Twilight.m4v","tmdb_id":null,"confidence":0,"reason":"no matching candidate"}
{"at":"2026-09-16T19:32:00Z","path":"Wall-E.m4v","tmdb_id":null,"confidence":0,"reason":"candidates unrelated"}
{"at":"2026-09-16T19:32:01Z","path":"Star Wars Ep III - Revenge of the Sith.mkv","tmdb_id":1895,"confidence":0.95,"reason":"title+year match"}
{"at":"2026-09-16T19:32:01Z","path":"Star Wars Ep I - The Phantom Menace.m4v","tmdb_id":1893,"confidence":0.95,"reason":"title+year match"}
{"at":"2026-09-16T19:32:01Z","path":"Star Wars Ep IV - A New Hope.mkv","tmdb_id":11,"confidence":0.95,"reason":"title+year match"}
{"at":"2026-09-16T19:32:02Z","path":"Star Wars Ep V - The Empire Strikes Back.mkv","tmdb_id":1891,"confidence":0.95,"reason":"title+year match"}
{"at":"2026-09-16T19:32:02Z","path":"Star Wars Ep VI - Return of the Jedi.mkv","tmdb_id":1892,"confidence":0.95,"reason":"title+year match"}
{"at":"2026-09-16T19:32:02Z","path":"Star Wars Ep VI - Return of the Jedi (original).mp4","tmdb_id":1892,"confidence":0.95,"reason":"title+year match"}
{"at":"2026-09-16T19:32:03Z","path":"Star Wars Ep VII - The Force Awakens.mkv","tmdb_id":140607,"confidence":0.95,"reason":"title+year match"}
{"at":"2026-09-16T19:32:03Z","path":"Star Wars Ep VIII - The Rise of Skywalker.m4v","tmdb_id":181812,"confidence":0.95,"reason":"title+year match"}
{"at":"2026-09-16T19:32:04Z","path":"Star Wars Ep  II - Attack of the Clones.m4v","tmdb_id":1894,"confidence":0.95,"reason":"title+year match"}
{"at":"2026-09-16T19:32:04Z","path":"An American Carol (netflix).mp4","tmdb_id":13948,"confidence":0.9,"reason":"title match"}
{"at":"2026-09-16T19:32:04Z","path":"Role Models (Unrated).mp4","tmdb_id":15373,"confidence":0.9,"reason":"title match"}
{"at":"2026-09-16T19:32:05Z","path":"Forgetting Sarah Marshall (Unrated).mp4","tmdb_id":9870,"confidence":0.95,"reason":"title+year match"}
{"at":"2026-09-16T19:32:05Z","path":"Reno 911 - Miami (Unrated Version).mp4","tmdb_id":10090,"confidence":0.95,"reason":"title+year match"}
{"at":"2026-09-16T19:32:06Z","path":"Resident Evil (4K).mp4","tmdb_id":1576,"confidence":0.9,"reason":"title match"}
{"at":"2026-09-16T19:32:06Z","path":"The Naked Gun 33 and a Third.mp4","tmdb_id":null,"confidence":0,"reason":"candidates unrelated"}
{"at":"2026-09-16T19:32:06Z","path":"Ghost in the Shell - remastered.mp4","tmdb_id":9323,"confidence":0.9,"reason":"title match"}
{"at":"2026-09-16T19:32:06Z","path":"Holmes and Watson.mp4","tmdb_id":null,"confidence":0,"reason":"candidates unrelated"}
{"at":"2026-09-16T19:32:07Z","path":"Brickleberry/Season 1/01 Welcome To Brickleberry.mov","tmdb_id":44169,"confidence":0.9,"reason":"title match"}
